prompt,chosen,rejected
Estoy súper emocionado por empezar a moverme más. ¿Qué beneficios podría sentir con solo un día de ejercicio?,"¡Eso está increíble! Con solo una sesión de ejercicio moderado o intenso, puedes reducir tu presión arterial y sentirte más relajado. ¡Es como recargar baterías de una forma saludable!",Reducir la presión arterial y sentirse más relajado después de un día de ejercicio moderado o intenso.
Me interesa saber: ¿qué beneficios inmediatos tiene hacer ejercicio aunque sea solo una vez?,Buena pregunta. Un solo episodio de ejercicio puede ayudarte a reducir la presión arterial y disminuir la ansiedad. Es un buen comienzo para mejorar tu salud.,Una actividad física es un cambio en tus niveles de colesterol.
Estoy un poco preocupado por mi salud. ¿Sirve de algo hacer ejercicio solo una vez?,"Entiendo cómo te sientes. Sí, incluso una sola sesión de ejercicio puede ayudarte a bajar la presión arterial y reducir la ansiedad. Puede ser un gran primer paso para sentirte mejor.","Hacer ejercicio solo una vez puede tener algunos efectos en tu presión arterial y ansiedad, aunque no es suficiente para cambiar tus hábitos de vida."
No me siento muy bien últimamente. ¿Crees que hacer ejercicio solo un día me ayude?,"Lamento escuchar eso. Hacer ejercicio, aunque sea un día, puede ayudarte a sentirte más relajado y mejorar tu estado de ánimo. Podría ser un buen comienzo para ti. Pero para más beneficios la constancia es importante.",Hacer ejercicio solo un día no tiene efecto significativo en el bienestar general.
Estoy súper motivado para cuidar mi salud. ¿Es cierto que el ejercicio mejora el corazón?,"¡Así es! La actividad física constante fortalece tu corazón, reduce el riesgo de enfermedades cardíacas, de diabetes tipo 2 y mejora tu bienestar general. ¡Sigue así, estás en el camino correcto!",El ejercicio puede ayudar a mejorar la función cardíaca.
"Hola, tengo una duda. ¿El ejercicio realmente mejora la salud del corazón?","Claro que sí. Hacer ejercicio regularmente puede ayudarte a reducir el riesgo de enfermedades del corazón, de diabetes tipo 2 y accidentes cerebrovasculares. Es una inversión en tu salud.",Ejercicio regular reduce el riesgo de enfermedades cardíacas y otros problemas relacionados.
Estoy un poco preocupado por mi corazón. ¿Hacer ejercicio realmente puede ayudarme?,"Entiendo tu preocupación. Sí, el ejercicio regular es excelente para cuidar el corazón y reducir riesgos de enfermedades. Comenzar poco a poco puede marcar una gran diferencia.",El ejercicio puede ayudar a mejorar la salud cardíaca.
¿Hacer ejercicio podría cuidar mi corazón? Últimamente he estado reflexionado y no hago casi nada de ejercicio.,"Gracias por compartirme eso. Lo bueno es que pudiste reflexionar sobre tu estado de actividad física. En efecto, hacer ejercicio es una buena forma de proteger tu corazón, y reducir riesgo de diabetes tipo 2 y accidentes cerebrovasculares. Estoy para ayudarte a empezar.",Hacer ejercicio puede disminuir la presión arterial y mejorar la salud cardíaca.
Cuando hago ejercicio me siento bien. ¿Es cierto que el ejercicio ayuda a nuestro ceerebro?,"¡Exacto! Hacer ejercicio regularmente no solo cuida tu cuerpo, sino que también protege tu cerebro, reduciendo riesgos de demencia y depresión. ¡Sigue así, estás cuidando de todo tu ser!","El ejercicio puede aumentar la producción de neurotransmisores como la dopamina y la serotonina, lo que puede mejorar el estado de ánimo y reducir los síntomas de depresión. La actividad física también puede estimular el crecimiento de nuevas neuronas en el cerebro."
¿Hacer ejercicio mejora la salud del cerebro?,"Hola, sí. La actividad física está asociada con la reducción del riesgo de demencia, incluyendo el Alzheimer, y también puede ayudar a reducir la depresión. Es una gran razón para moverte más.","Sí, se ha encontrado una correlación entre la actividad física y una reducción del riesgo de demencia y depresión."
Estoy preocupado por mi memoria. ¿El ejercicio podría ayudarme a prevenir problemas cerebrales?,"Entiendo tu preocupación. Hacer ejercicio regularmente está asociado con un menor riesgo de desarrollar demencia, incluyendo el Alzheimer. También puede ayudarte a sentirte más animado.",El ejercicio puede mejorar la función cerebral y reducir el riesgo de enfermedades cerebrales.
No me siento bien y me preocupa mi salud mental. ¿El ejercicio ayuda al cerebro?,"Lamento que te sientas así. Sí, el ejercicio puede ser muy beneficioso, ayudando a reducir el riesgo de demencia y mejorando el estado de ánimo. Es un buen paso para empezar a sentirte mejor. También puedes pedir ayuda profesional.",El ejercicio puede mejorar la función cerebral y disminuir los síntomas de depresión y ansiedad.
"Me siento muy bien haciendo ejercicio, ¿qué otros beneficios trae?","¡Qué bueno! Hacer ejercicio regularmente puede reducir el riesgo de varios tipos de cáncer, como el de colon, mama, vejiga, endometrio, esófago, pulmón y estómago. ¡Esa energía que tienes es la clave para mantenerte saludable!","Hacer ejercicio regularmente puede reducir el riesgo de algunos cánceres. Esto se debe a cambios en su metabolismo, lo que puede llevar a pérdida de peso y mejora de su función inmunológica."
Tengo una pregunta: ¿Hacer ejercicio puede prevenir el cáncer?,"Claro que sí. Se ha demostrado que la actividad física regular reduce el riesgo de cáncer como el de colon, mama, vejiga, endometrio, esófago, pulmón y estómago.","Sí, la actividad física puede reducir el riesgo de estos tipos de cáncer."
Estoy preocupado por el cáncer. ¿Hacer ejercicio puede evitar que tenga cáncer?,"Entiendo tu preocupación. Tener cáncer es algo que escapa de nuestro control. Sin embargo, hacer ejercicio reduce el riesgo de cáncer de colon, mama, vejiga, endometrio, esófago, pulmón y estómago. Toda actividad puede marcar la diferencia.",Hacer ejercicio no evita el cáncer de todos los tipos.
Pienso mucho en si me da cáncer y eso me tiene triste. ¿Qué crees que me podría ayudar?,"Siento que te sientas así. Tener cáncer escapa de nuestro control y no vale la pena pensar constantemente en ello. Sin embargo, hacer activdad física puede ser útil para vivir una vida más saludable y reducir el riesgo del cáncer, como de colón, pulmón y estómago.",Pensar en el cáncer no detiene el proceso.
Estoy súper motivado para empezar a hacer ejercicio. ¿Qué beneficios puedo esperar a largo plazo?,"¡Qué genial! La actividad física puede ayudarte a fortalecer tus huesos, mejorar tu balance y coordinación, y te ayuda a mantener una calidad de vida increíble. ¡Es una gran inversión!","La actividad física puede asociarse con mejoría en densidad ósea y equilibrio, además de promover una mayor función física."
¿Podrías explicarme cuáles son los beneficios a largo plazo de la actividad física?,"Hola, claro. La actividad física regular fortalece los huesos y mejora el balance y la coordinación, ayudándote a mantenerte saludable por más tiempo.","Los beneficios a largo plazo de la actividad física incluyen un mayor riesgo cardiovascular reducido, control de peso mejorado, energía aumentada y mejora en la función inmunológica."
Me encanta aprender cosas nuevas. ¿Es verdad que el ejercicio fortalece el sistema inmunológico?,"Hay evidencia que sugiere que hacer actividad física puede potenciar tu sistema inmunológico, ayudándote a mantenerte más fuerte y saludable. ¡Una razón más para seguir moviéndote!","Sí, se sabe que el ejercicio fortalece el sistema inmunológico."
¿La actividad física puede ayudar a mejorar el sistema inmunológico?,Las investigaciones emergentes sugieren que la actividad física puede potenciar tu sistema inmunológico.,"La actividad física puede aumentar las células white, pero no es un tratamiento efectivo contra enfermedades específicas."
¿Hacer ejercicio podría ayudarme a tener un sistema inmunológico más fuerte?,"Entiendo tu inquietud. Sí, hay evidencia que sugiere que la actividad física puede ayudar a fortalecer tu sistema inmunológico","Sí, ejercicio regular ha demostrado aumentar los niveles de células imunológicas."
Últimamente he estado enfermo y me siento débil. ¿El ejercicio podría ayudar a mi sistema inmune?,"Siento que te sientas así. Sí, hacer ejercicio de manera regular puede darle un impulso a tu sistema inmunológico. De todos modos, también te recomiendo ir con un médico para que te oriente mejor.",Hacer ejercicio de manera regular puede mejorar el sistema inmunológico.
La salud es lo más importante. ¿Es cierto que hacer ejercicio ayuda con la presión arterial?,¡Así es! Hacer ejercicio regularmente puede ayudarte a reducir y controlar la presión arterial. ¡Un paso más hacia una vida saludable!,"Sí, hacer ejercicio ayuda a reducir la presión arterial."
"Hola, tengo una duda. ¿El ejercicio puede reducir la presión arterial?","Sí, la actividad física es una forma de reducir la presión arterial y mejorar tu salud en general.","No, el ejercicio no reduce necesariamente la presión arterial."
Estoy preocupado por mi presión arterial. ¿Hacer ejercicio podría ayudarme?,"Hola, entiendo tu preocupación. Sí, hacer actividad física regularmente puede ayudar a reducir y controlar la presión arterial de manera efectiva.","Sí, hacer ejercicio regularmente puede ayudar a reducir la presión arterial."
Me preocupa mi salud. ¿Crees que el ejercicio podría ayudarme con mi presión arterial?,"Lamento que te sientas así. Sí, el ejercicio es una excelente forma de reducir la presión arterial y mejorar tu bienestar. Estoy aquí para apoyarte.",El ejercicio puede ayudar a reducir la presión arterial.
¿Qué grandes beneficios puedo obtener a largo plazo con el ejercicio?,"A largo plazo, hacer ejercicio regularmente reduce el riesgo de enfermedades crónicas como problemas del corazón, accidentes cerebrovasculares y ciertos tipos de cáncer. ¡Hacer actividad física es cuidar tu futuro!","El ejercicio regular a largo plazo reduce la probabilidad de enfermedades crónicas como problemas del corazón, accidentes cerebrovasculares y ciertos tipos de cáncer."
Quisiera saber cuáles son los beneficios a largo plazo de la actividad física.,"Los beneficios de la actividad física incluyen la reducción del riesgo de enfermedades crónicas como problemas cardíacos, accidentes cerebrovasculares y varios tipos de cáncer.","Los beneficios a largo plazo de la actividad física incluyen una disminución en el estrés, un mejor estado de ánimo y un aumento de la energía."
Estoy preocupado por el futuro. ¿El ejercicio físico puede ayudarme a largo plazo?,"Entiendo tu preocupación. Aunque es mejor enfocarnos en el presente, además de mejorar tu calidad de vida, el hacer ejercicio regularmente puede ayudarte a prevenir enfermedades crónicas como problemas cardíacos y ciertos tipos de cáncer.",El ejercicio físico puede mejorar tu salud.
No me siento bien y quisiera saber si el ejercicio me puede ayudar en el futuro.,"Sento que te sientas así. Sí, hacer ejercicio regularmente puede ayudarte a reducir el riesgo de enfermedades crónicas y mejorar tu bienestar en el largo plazo. Todo comienza dando un pequeño paso.",El ejercicio regularmente puede ayudar a reducir el riesgo de enfermedades crónicas y mejorar tu bienestar en el largo plazo.
"Estoy súper ocupado, pero quiero hacer ejercicio. ¿Tienes algún consejo para organizarme?","¡Qué bueno que quieras intentarlo! Monitorea tus actividades durante una semana y encuentra bloques de 30 minutos para moverte. ¡Seguro que puedes lograrlo, incluso con una agenda ocupada!",Siempre es recomendable programar tiempo para el ejercicio en tu calendario.
"Hola, no tengo tiempo para hacer ejercicio. ¿Qué me recomendarías?","Podrías revisar tu rutina diaria y encontrar al menos tres bloques de 30 minutos para hacer ejercicio. Usar una hoja de papel, o  el bloc de notas de tu celular puede ayudarte.",Haz ejercicio durante 3 bloques de 30 minutos en tu día.
Hola… siento que no tengo tiempo para hacer ejercicio. ¿Qué puedo hacer?,"Entiendo que puede ser difícil. Intenta monitorear tus actividades por una semana para encontrar pequeños bloques de tiempo. Con 30 minutos al día, ya estarías haciendo mucho por ti.",Sé el tiempo necesario para hacer ejercicio.
Siento que nunca tengo tiempo para hacer ejercicio. ¿Qué puedo hacer?,"Es normal sentir eso, le pasa a muchas personas con una agenda tan ocupada. Tal vez podrías monitorear tus actividades y buscar pequeños espacios de 30 minutos. Cuidarte es importante, y estoy seguro de que encontrarás la forma.",Ajusta tu rutina diaria para incorporar ejercicio.
"Estoy buscando empezar a ejercitarme, pero no quiero hacerlo solo. Me da flojera y siento que sería aburrido. ¿Qué puedo hacer?","¡Qué bien que estés motivado! No tienes que hacerlo solo. Puedes unirte a un amigo o un grupo para hacer actividades como caminatas, clases de baile o deportes. ¡Puede ser más divertido y emocionante!",Unirte a un grupo de ejercicio es una forma de hacerlo. También puedes buscar un compañero de ejercicios en tu barrio.
"Hola, no quiero hacer ejercicio solo. Me da flojera y lo encuentro aburrido. ¿Algún consejo?","No es necesario que lo hagas solo. Puedes buscar un compañero de entrenamiento o unirte a actividades grupales de tu interés, como clases de baile o deportes. Te ayudará a mantenerte motivado.",Puedes hacer ejercicio con amigos o familiares. También hay muchas clases y programas que se ajustan a diferentes gustos.
No quiero hacer ejercicio solo porque me da flojera y me parece aburrido. ¿Qué podría hacer? Me frustra.,"Entiendo cómo te sientes. No te preocupes, no tienes que hacerlo solo. Busca un amigo o únete a actividades en grupo como caminatas o clases. Te sentirás más relajado.",Puedes hacer ejercicio con amigos o en grupos para evitar la soledad y el aburrimiento.
"Hola, la verdad es que no tengo ganas de hacer ejercicio. Me da flojera y creo que sería aburrido hacerlo solo. ¿Qué hago?","Entiendo que no te sientas con ganas. Pero no tienes que hacerlo solo. Quizás ejercitarte con un amigo o en una clase grupal, como danza o caminatas, te anime un poco más. Poco a poco, seguro encuentras algo que te guste.","Hacer ejercicio es obligatorio para mantenerse saludable, puedes buscar un gimnasio cerca de tu casa y asistir allí regularmente."
"Estoy feliz porque toda la semana cumplí con mi rutina. Pero, hoy me siento agotado, ¿cómo hago para hacer ejercicio cuando estoy tan cansado?","Si cumpliste tu rutina toda la semana es válido descansar. Para la próxima semana, intenta programar tu rutina de ejercicios para el momento del día cuando te sientas con más energía, como por la mañana. También puedes incluir actividad física en pequeñas dosis, como subir escaleras en lugar de usar el ascensor los días que no tengas mucho tiempo.",Ejercitarte es obligatorio. Hacerlo a primera hora del día o en intervalos cortos puede ser más efectivo.
Me siento muy cansado para hacer ejercicio. ¿Qué podría hacer?,"Es normal sentirse agotado a veces. Intenta agendar tu rutina de ejercicios en los momentos en que te sientas con más energía, o incluso puedes integrar actividad física a lo largo del día, como subir escaleras en vez de tomar el ascensor.",Realiza ejercicio regularmente.
"Me preocupa que un día no tenga energía y no cumpla mi rutina de ejercicios, ¿cómo podría prevenirlo?","Entiendo. Recuerda que hacer actividad física es un proceso de largo aliento, así que si un día no cumples con tu rutina no significa que tengas que iniciar de nuevo. Intenta agendar tu rutina de ejercicios en los momentos en que te sientas más enérgico, o incluirlo de manera ligera en tu día a día, optando por subir escaleras o caminar en el campus.",Ejercicios regularmente.
No me siento con energía para hacer ejercicios y ando cansado. ¿Qué puedo hacer?,"Siento que te sientas así. Es cierto que a veces los días son agotadores, pero tal vez programando tu ejercicio para el momento en que te sientas más descansado/a, o incluyendo actividad física durante tu rutina diaria, podrías sentirte mejor poco a poco.",Ajusta tus horarios de ejercicio y trata de hacerlos cuando tengas más energía.
"Quiero un consejo. Estoy muy ocupado, pero me gustaría hacer ejercicio.","¡Qué bueno que quieras hacerlo! Puedes agendar tu actividad física en tu calendario como una cita importante. Piensa en ello como un compromiso contigo mismo, algo que también te beneficia a largo plazo.",Agrega ejercicio a tu lista de tareas diarias o agéntalo en tu calendario según el tiempo disponible.
Tengo muchas cosas que hacer. ¿Cómo puedo organizarme para incluir mi rutina de ejercicios en mi día a día?,"Lo primero es agendar tu actividad física, como cualquier otra tarea importante. Organiza tu día de manera que puedas hacer espacio para al menos 30 minutos de ejercicio. ¡Te ayudará a sentirte mejor!",Incluye un plazo fijo en tu calendario para tu rutina diaria.
"Hola, estoy muy ocupado y siento que nunca tengo tiempo para hacer ejercicio. ¿Qué hago?","Entiendo tu situación. Una buena opción es agendar un bloque de ejercicios en tu calendario. De esa manera, lo tratarás como un compromiso que te ayudará a sentirte mejor y más relajado.",Agenda el ejercicio en tu calendario.
"Hola, últimamente estoy muy ocupado y siento que no tengo tiempo para hacer deportes. ¿Cómo lo puedo lograr?",Sé que a veces es difícil encontrar tiempo. Pero intenta agendar un bloque de ejercicios como algo importante en tu día. Mientras lo haces recuerda que es algo que te ayudará a sentirte mejor y con más energía para tus demás tareas.,Ajusta tu rutina diaria para incluir tiempo de ejercicio.
"Sé que no es común que alguien se lastime haciendo ejercicios, pero quería preguntarte por formas para protegerme.",¡Qué genial que seas precavido! Investiga qué tipo de actividad es adecuada para tu nivel de actividad física. Puedes comenzar con ejercicios suaves o consultar a un profesional para asegurarte de que estás haciendo lo correcto.,"Para prevenir lesiones durante el ejercicio, investiga sobre el tipo de actividad adecuada según tu nivel de actividad física. Consultar a un profesional es recomendable."
"Me gustaría hacer ejercicio, pero tengo miedo de lastimarme. ¿Qué me aconsejas?","Es normal tener ese temor. Investiga sobre qué tipo de ejercicios son los más adecuados para tu nivel físico, o consulta con un profesional. Así te aseguras de hacer las actividades de manera segura.",Haz ejercicio en compañía de alguien y busca orientación médica.
"Me gustaría comenzar a hacer ejercicio, pero tengo miedo de lastimarme. ¿Qué puedo hacer para evitarlo?",Entiendo tu preocupación. Te recomiendo investigar las actividades físicas que sean apropiadas para tu nivel y salud. Un profesional puede guiarte para que empieces de manera segura y gradual.,"Investiga actividades de bajo impacto, como caminar o nadar."
"Hola, quiero hacer ejercicio, pero me da miedo lastimarme. ¿Cómo puedo evitar eso?","Entiendo cómo te sientes. Para evitar lesiones, lo mejor es empezar despacio. Investiga qué actividades son seguras para ti y, si lo necesitas, consulta con un profesional para asegurarte de que estás en el camino correcto. Si bien es imposible controlar cuándo te lesionas, estas medidas te pueden ayudar a mitigar el riesgo.","Para evitar lesiones, comienza con actividades de baja intensidad y aumenta gradualmente la dificultad. Investiga las mejores opciones para tu condición física."
"¡Hola! Me gustaría empezar a hacer ejercicio, pero no soy muy coordinado. ¿Qué tipo de actividad me recomiendas?","¡No te preocupes! Si la coordinación no es tu fuerte, puedes empezar con actividades más simples, como caminatas o ejercicios individuales. Lo importante es que te muevas, ¡cada paso cuenta!",Camina.
"Hola, no soy muy coordinado. Por eso no hago ejercicios.","No te preocupes, puedes comenzar con actividades más sencillas como caminar. Hay clases que no requieren mucha coordinación, y poco a poco puedes mejorar tu habilidad. ¡Anímate!",Caminar es una actividad física básica. Puedes intentar comenzar con eso si decides hacer ejercicios.
Tengo miedo de hacer ejercicio porque no soy muy coordinado y que los demás se burlen de mí. ¿Qué me sugieres?,"Entiendo tus preocupaciones. Por lo general, las personas están enfocadas en sus propias rutinas y entienden que todos hemos sido principiantes en algún momento. Puedes empezar con ejercicios suaves, como caminar, que no requieren mucha coordinación. A medida que te sientas más cómodo, puedes intentar cosas más desafiantes.",Practicar ejercicio regularmente puede ayudarte a mejorar tu coordinación con el tiempo. Los ejercicios suaves como caminar son una buena opción si te sientes inseguro sobre tus habilidades.
"Hola, me gustaría hacer ejercicio, pero no soy muy coordinado. ¿Qué hago?","No te preocupes. Puedes comenzar con actividades que no requieran mucha coordinación, como caminar o hacer ejercicios suaves. No importa si no eres coordinado, lo importante es empezar y disfrutar del proceso.""",Puedes comenzar con actividades como caminar o hacer ejercicios suaves que no requieren coordinación.
"¡Hola! Me gustaría hacer ejercicios, pero siento que no puedo aprender algo nuevo. ¿Qué me sugieres?","¡Qué bueno que quieras estar activo! Es normal sentir un poco de inseguridad al principio, pero no te preocupes. Prueba explorar varias actividades que te atraigan. Puedes empezar con algo sencillo, como caminar. ¡Lo importante es comenzar y disfrutar del proceso!",Puedes tratar de hacer ejercicios por poco tiempo cada día.
"Hola, me siento como si no pudiera aprender algo nuevo. ¿Qué me aconsejas para probar nuevos ejercicios o deportes?","No te preocupes, a veces cuesta al principio. Puedes probar diferentes actividades que te interesen. Comienza con algo fácil, como caminar. Poco a poco, te sentirás más cómodo aprendiendo nuevas cosas y encontrando cosas que te gustan.",Puedes probar diferentes actividades. Caminar es una opción básica.
"Hola, quiero practicas algún deporte o ejercicio, pero siento que no soy capaz de aprender algo nuevo. ¿Qué puedo hacer?","Entiendo cómo te sientes. A veces, el miedo a no poder aprender algo nuevo puede ser abrumador. Te sugiero que empieces con algo sencillo, como caminar o alguna otra actividad que te interese. Poco a poco, irás ganando confianza y aprenderás más cosas.",Aprender un nuevo deporte puede ser desafiante. Puedes empezar con sesiones cortas de ejercicio.
"Hola, quiero practicar un nuevo deporte o ejercicio, pero siento que no puedo. ¿Qué me aconsejas?","Entiendo cómo te sientes. Cuando nos sentimos así, puede ser difícil empezar. Te sugiero que pruebes algo sencillo, como caminar, y poco a poco explora otras actividades. Descubrir un nuevo deporte o ejercicio no tiene que ser difícil; lo importante es dar el primer paso.",Camina. Puedes ir poco a poco incrementando la distancia si lo deseas.
¡Hola! Siempre voy en carro de mi casa a la universidad. ¿Cómo podría incorporar algo de ejercicio en mi día?,¡Qué bueno que quieras moverte más! Puedes tomar transporte público y bajarte unas cuadras antes de llegar a la universidad. Caminar hasta allí te permitirá hacer ejercicio y aprovechar mejor el tiempo. ¡Es fácil y efectivo!,Puedes caminar o correr hasta la universidad en lugar de conducir.
Siempre voy en carro de mi casa a la universidad. ¿Algún consejo para incorporar actividad física en mi día a día.?,"Puedes usar el transporte público y bajarte unas cuadras antes de llegar a la universidad. De esta forma, caminarás un poco y estarás haciendo actividad física sin mucho esfuerzo extra.",Usar el transporte público es una opción viable para incorporar caminata en tu día a día.
"Hola, siempre voy en carro de mi casa a la universidad, y me gustaría hacer algo de ejercicio. ¿Qué puedo hacer?","Entiendo cómo te sientes. Puedes intentar tomar el transporte público y bajarte unas cuadras antes. Caminar hasta la universidad es una forma sencilla y efectiva de agregar ejercicio a tu día, sin cambiar demasiado tu rutina.",Puedes caminar.
"Hola, siempre voy en carro de mi casa a la universidad. ¿Cómo puedo incorporar ejercicios en mi rutina diaria?",Entiendo que a veces es difícil encontrar tiempo para moverse. Una opción es tomar el transporte público y bajarte unas cuadras antes de llegar a la universidad. Caminar es una forma sencilla de empezar a hacer algo de ejercicio.,Caminar o andar a pie desde tu casa hasta la universidad es una forma simple de incorporar ejercicio en tu rutina diaria.
"Tengo un día muy ocupado, pero quiero hacer ejercicio. ¿Cómo puedo organizarme?","¡Qué bueno que quieras hacer ejercicio! Intenta organizar tus actividades para que puedas aprovechar al máximo tu día. Por ejemplo, si tienes reuniones, procura que una de ellas sea en un piso alto y usa las escaleras.","Organiza tus actividades según el horario disponible y busca la actividad que mejor se adapte a él, ya sea caminar, correr o hacer yoga en casa."
Tengo el día lleno de actividades. ¿Cómo puedo hacerme tiempo para hacer ejercicios?,"Intenta planificar tus actividades para integrar la actividad física. Si tienes reuniones, podrías pedir que una se haga en el último piso del edificio. Así, puedes aprovechar para subir y bajar las escaleras.",Planifica tus actividades para incluir tiempo de ejercicio.
Mi día está completamente ocupado. ¿Cómo puedo encontrar tiempo para hacer actividad física?,"Entiendo que tu agenda esté muy llena. Puedes integrar el ejercicio de manera sencilla en tu rutina, como por ejemplo, pidiendo que alguna reunión se realice en un piso alto para poder subir y bajar escaleras. Es una forma fácil de moverte sin tomar demasiado tiempo.",Encontrar tiempo para la actividad física implica priorizar actividades y reorganizar el día.
"Hola, todo el día estoy ocupado. ¿Cómo puedo hacer ejercicios con tan poco tiempo?","Entiendo que a veces se hace difícil encontrar tiempo para moverse. Pero podrías intentar reorganizar algunas actividades, como procurar que una reunión sea en el último piso y usar las escaleras. Así, te mueves un poco sin afectar mucho tu día.",Puedes hacer ejercicio durante breves intervalos de tiempo y escoger actividades que no requieran mucha energía.
¡Hola! Paso todo el día en reuniones virtuales. ¿Cómo puedo hacer estar activo físicamente mientras las tengo?,"¡Qué genial que quieras mantenerte activo! Durante las reuniones virtuales, puedes aprovechar para levantarte, estirarte y moverte un poco. ¡Incluso puedes caminar por la habitación mientras hablas! Te ayudará a sentirte mejor y mantener la energía.",Levántese durante las reuniones.
Todo el día estoy en reuniones virtuales. ¿Qué puedo hacer para moverme?,"Durante las reuniones virtuales, intenta levantarte de vez en cuando. Puedes pararte, estirarte o caminar mientras participas. Te ayudará a mantener la energía y reducir la tensión.","Moverse durante las reuniones virtuales no tiene impacto directo sobre el contenido de la reunión. Levantarse, pararse o caminar puede afectar la calidad del audio de tu conexión."
Paso todo el día en reuniones virtuales y no sé cómo moverme. ¿Qué puedo hacer?,"Entiendo que las reuniones virtuales pueden ser largas. Intenta levantarte y estirarte cada vez que puedas, incluso durante las llamadas. Caminar o moverte también puede ayudar.","Puedes intentar tomar un descanso durante la reunión para estirarte y moverte. O si no, caminas mientras hablas."
"Hola, estoy todo el día en reuniones virtuales y no sé cómo mantenerme activo. ¿Qué me sugieres","Hola, sé que estar en reuniones virtuales todo el día puede ser agotador. Pero incluso si solo puedes levantarte de vez en cuando para estirarte o caminar un poco, es mejor que estar completamente sedentario.",Mantenerse activo mientras se participa en reuniones virtuales es posible mediante el uso constante de pasos cortos.
"Me gustaría hacer ejercicio y que mi familia o amigos me apoyen, pero no sé si lo entiendan.","¡Qué bueno que quieras empezar! Puedes hablar con tus familiares o amigos sobre tu interés en hacer ejercicio y pedirles que te apoyen. A veces, simplemente contarles lo que quieres hacer puede hacer una gran diferencia. ¡Seguro que te apoyarán!","Hacer ejercicio es algo personal. Puedes hablar con tus familiares o amigos sobre tu interés en hacer ejercicio y pedirles que te apoyen, aunque no todos lo entiendan ni puedan participar."
"Hola, me gustaría hacer ejercicio, pero no tengo apoyo social. ¿Cómo puedo lograr que la gente a mi alrededor me apoye?",Habla con tus familiares o amigos sobre tu deseo de hacer ejercicio. Pídeles apoyo para que te acompañen o te ayuden a seguir tu plan. Es más fácil cuando tienes un poco de apoyo de los demás.,Habla con tus familiares o amigos sobre tu deseo de hacer ejercicio y pídeles apoyo.
"Hola, quiero hacer ejercicio, pero no tengo apoyo de nadie. ¿Cómo lo hago?","Entiendo que la falta de apoyo pueda generar dudas. Lo mejor es hablar con tu familia o amigos sobre lo que quieres lograr y pedirles ayuda. A veces, compartir tus metas puede motivarte más.",Puedes contratar un personal de fitness para hacer ejercicios en privado.
"Quiero hacer deportes, pero no tengo quien me apoye. ¿Qué hago?",Sé que a veces es difícil cuando no tienes apoyo. Puedes intentar hablar con tu familia o amigos y contarles lo que te gustaría hacer. Es posible que te apoyen y te den ese empujón que necesitas.,Puedes encontrar un grupo de deportistas en línea o en tu comunidad local para conectarte con ellos.
"¡Hola! Siempre he escuchado que hacer ejercicio es buenísimo, y ahora quiero probar algo nuevo. ¿Podrías contarme cuáles son los beneficios de la actividad física?","¡Hola! ¡Genial que quieras probar algo nuevo! La actividad física ayuda a reducir la mortalidad, la incidencia de cáncer y diabetes, y puede mejorar tu rendimiento y salud mental además de influir positivamente en la calidad de tu sueño.","La actividad física reduce la mortalidad. También reduce la incidencia de cáncer y diabetes. Además, mejora el rendimiento y la salud mental."
"Buenas, tengo una duda sobre la actividad física. ¿Cuáles son sus principales beneficios?","¡Hola! La actividad física ayuda a reducir la mortalidad, la incidencia de cáncer y diabetes, y puede mejorar tu rendimiento y salud mental además de influir positivamente en la calidad de tu sueño.","La actividad física reduce la mortalidad. También ayuda a prevenir el cáncer y la diabetes. Además, mejora el rendimiento físico y mental."
"Hola. Últimamente me he sentido un poco desmotivado y sé que debería moverme más, pero no encuentro muchas ganas. ¿Crees que la actividad física me ayudaría a sentirme mejor?","¡Hola! Lamento que te hayas sentido desmotivado últimamente. Y respecto a tu pregunta, la actividad física podría ser útil para ti. Además de influir positivamente en nuestra salud física, es beneficiosa para la salud mental. De todos modos, si esa sensación de desmotivación te está afectando en tu día a día, sería bueno que busques ayuda profesional.",La actividad física puede influir positivamente en nuestra salud y bienestar.
"Disculpa, he escuchado que estar mucho tiempo sentado puede ser malo para la salud, y paso horas frente a mi laptop. ¿Qué tan importante es hacer ejercicio en estos casos?","Entiendo, la virtualidad a veces nos lleva a tener un estilo de vida sedentario. Sin embargo, la actividad física es muy importante, ya que ayuda a reducir la mortalidad, la incidencia de cáncer y diabetes, y puede mejorar tu rendimiento y salud mental además de influir positivamente en la calidad de tu sueño.",La actividad física es importante para reducir la mortalidad y otros riesgos asociados a un estilo de vida sedentario.
"¡Hola! Me han dicho que debería hacer actividad física, pero no tengo idea de qué es. ¿Podrías explicármelo? ¡Estoy emocionado por aprender algo nuevo!","Hola, claro. La actividad física consiste en cualquier movimiento que realizamos. Por ejemplo, cuando caminamos rápidamente dentro del campus, montamos bicleta, barremos nuestro cuarto, practicamos deportes y participamos en juegos.",La actividad física es cualquier movimiento que hagamos.
"Hola, tengo una duda. He escuchado hablar de la actividad física, pero no sé exactamente qué significa.","Hola. La actividad física es toda actividad en la que realizamos algún movimiento. Por ejemplo, cuando caminamos rápidamente dentro del campus, montamos bicleta, barremos nuestro cuarto, practicamos deportes y participamos en juegos.",La actividad física es cualquier acción que implique movimiento corporal.
"Hola. Últimamente he sentido que debería hacer algo de actividad física por mi salud, ya que me he estado sintiendo algo decaído, pero no sé por dónde empezar. ¿Qué es exactamente?","Hola. Es normal sentirse decaído de vez en cuando. La actividad física incluye todo tipo de movimiento, como la caminata rápida, montar en bicicleta, hacer tareas domésticas o practicar deportes. Realizar actividad física regularmente puede mejorar tu estado de ánimo y tu energía. Si te sientes decaído con frecuencia, te sugeriría empezar con algo ligero, como caminar 20-30 minutos al día, y ver cómo te sientes. Además, si esta falta de motivación afecta tus actividades cotidianas, también te recomendaría consultar con un profesional de la salud mental para obtener apoyo.",La actividad física es cualquier movimiento del cuerpo.
"He leído que es importante hacer actividad física, pero no sé bien qué es o si estoy haciendo algo mal al no practicarla. ¿Me podrías explicar qué significa?","Hola. Qué bueno que quieras cuidar tu salud. Claro, te explico. La actividad física incluye todo tipo de movimiento, como la caminata rápida, montar en bicicleta, hacer tareas domésticas o practicar deportes. Realizar actividad física regularmente puede mejorar tu estado de ánimo y tu energía.",La actividad física se refiere a cualquier tipo de movimiento corporal que no sea parte de una actividad específica como el trabajo o la rutina diaria.
"Quiero empezar a moverme más, pero la verdad no me gustan los deportes. ¿Qué otras formas hay de ejercitarse que puedan ser divertidas?","¡Lo bueno de la actividad física es que no se limita a los deportes! La recomendación es que un adulto pueda hacer entre 150 y 300 minutos de actividad física aeróbica de intensidad moderada a la semana. Puedes intentar haciendo ejercicios en un gimnasio, corriendo, caminando rápido, bailando, entre otras actividades de tu interés.","Debes realizar al menos 150 minutos de actividad física aeróbica a la semana. Puedes hacerlo en un gimnasio, corriendo o caminando rápido. También puedes bailar."
"Tengo una duda. No soy fan de los deportes, pero sé que debería hacer ejercicio. ¿Qué otras opciones tengo para mantenerme activo?","Entiendo. Hacer actividad física no es sinónimo de hacer deportes. También puedes correr, jugar, hacer rutinas de ejercicios de Youtube, caminata rápida, montar bicicleta, barrer tu casa, ir al gimnasio, entre otras actividades que requieran movimiento de todo el cuerpo.","Correr, rutinas de ejercicios de YouTube, caminata rápida y montar bicicleta son opciones para mantenerse activo."
"Siento que debería hacer algo para mejorar mi salud, pero no me gustan los deportes y no sé qué podría intentar. ¿Qué me recomendarías?","Comprendo. No todos tenemos los mismos gustos, lo bueno es que actividad física no es solo deportes. Puedes correr, jugar, hacer rutinas de ejercicios de Youtube, ir al gimnasio, caminata rápida, montar bicicleta, barrer tu casa, entre otras actividades que requieran movimiento de todo el cuerpo.","Actividad física no es solo deporte. Puedes correr, hacer rutinas de ejercicios o caminar. También hay muchas opciones en línea y actividades domésticas que te permitirán moverte."
"Me preocupa no estar haciendo nada para cuidar mi cuerpo. No me gustan los deportes, y eso me tiene un poco angustiado ya que soy sedentario y tengo antecedentes familiares de diabetes. ¿Cómo puedo empezar a ejercitarme de otra manera?","Entiendo tu preocupación. Si bien no puedes controlar tus antecedentes, sí puedes incorporar algunos hábitos como la actividad física que te ayuden a cuidar tu salud. Puedes intentar hacer varias actividades como correr, jugar, hacer rutinas de ejercicios de Youtube, ir al gimnasio, caminata rápida, montar bicicleta, barrer tu casa, entre otras actividades que requieran movimiento de todo el cuerpo.",Puedes intentar hacer varias actividades.
He escuchado que hacer ejercicio ayuda mucho con la salud mental ¡Me encantaría saber más sobre cómo puede hacernos sentir mejor!,"¡Lo que has escuchado es verdad! Hacer actividad física nos ayuda a sentirnos mejor. De hecho, los científicos han encontrado que la actividad física mejora la calidad del sueño, y disminuye los síntomas de ansiedad y depresión.",La actividad física tiene un efecto positivo en la salud mental. Los estudios sugieren que el ejercicio reduce los síntomas de ansiedad y depresión.
"Hola, tengo curiosidad sobre los beneficios de la actividad física en la salud mental. ¿Podrías explicarme cómo ayuda exactamente?","¡Claro que sí! La actividad física ayuda a mejorar la calidad del sueño, y disminuye los síntomas de ansiedad y depresión.",La actividad física mejora el estado de ánimo y reduce los síntomas de ansiedad.
Estos días me he sentido un poco abrumado y me dijeron que hacer ejercicio puede ayudar. ¿De qué manera?,"Lamento que te estés sintiendo así. ¡Pero, la actividad física te puede ayudar! Científicos han demostrado que la actividad física ayuda a mejorar la calidad del sueño, el autoconcepto y disminuye los síntomas de ansiedad y depresión. Además influye positivamente en el estado de ánimo y la calidad de vida.","La actividad física puede ayudar a reducir los niveles de cortisol y mejorar la función cerebral, lo cual puede mejorar la calidad del sueño. También se ha demostrado que puede disminuir los síntomas de ansiedad y depresión."
He estado preocupado por cómo me estoy sintiendo últimamente y me mencionaron que el ejercicio puede ayudar con la salud mental. ¿Es verdad? ¿Debería intentarlo?,"Gracias por compartir tu preocupación. La respuesta es que sí deberías intentarlo. Científicos han demostrado que la actividad física ayuda a mejorar la calidad del sueño, el autoconcepto y disminuye los síntomas de ansiedad y depresión. Además influye positivamente en el estado de ánimo y la calidad de vida. Sin embargo, si notas que no estás desenvolviendo como antes en tus actividades cotidianas, también te recomendaría consultar con un profesional de la salud mental para obtener apoyo.","El ejercicio puede tener efectos positivos sobre la salud mental. La actividad física está asociada con reducciones en los síntomas de ansiedad y depresión. Sin embargo, el beneficio para la salud mental depende de varios factores. Consultar a un profesional de la salud es recomendable si no ves mejoría."
"¡Hola! Quiero empezar a hacer ejercicio, pero no estoy seguro de cuánto tiempo debería dedicarle. ¿Hay un tiempo ideal para que sea efectivo?","¡Qué bueno que quieras empezar a ejercitarte! En general, se recomienda que jóvenes y adultos realicen entre 150 y 300 minutos a la semana de actividad física aeróbica de intensidad moderada. Además, si buscas obtener beneficios adicionales para tu salud, puedes incluir actividades de fortalecimiento muscular de intensidad moderada al menos dos días a la semana. Pero poco a poco, empieza con pequeñas dosis de actividad y luego vas aumentando.",150-300 minutos a la semana es una buena cantidad.
"Hola, tengo una duda sobre el ejercicio. ¿Cuánto tiempo se recomienda hacer actividad física a la semana para mantener una buena salud?","Hola. En general, se recomienda que jóvenes y adultos realicen entre 150 y 300 minutos a la semana de actividad física aeróbica de intensidad moderada. Además, si buscas obtener beneficios adicionales para tu salud, puedes incluir actividades de fortalecimiento muscular de intensidad moderada al menos dos días a la semana.",150-300 minutos semanales de actividad física aeróbica.
"Ayer estuve reflexionado sobre que debería hacer varios cambios en mi vida, y que debería empezar a hacer ejercicios, pero no sé cuánto tiempo debería dedicarle. ¿Qué sería lo adecuado para alguien que apenas empieza?","Me da gusto que hayas decidido empezar a hacer actividad física. En general, se recomienda que jóvenes y adultos realicen entre 150 y 300 minutos a la semana de actividad física aeróbica de intensidad moderada. Además, si buscas obtener beneficios adicionales para tu salud, puedes incluir actividades de fortalecimiento muscular de intensidad moderada al menos dos días a la semana. Pero poco a poco, empieza con pequeñas dosis de actividad y luego vas aumentando.",150-300 minutos a la semana.
"Estoy ansioso por no estar haciendo lo suficiente de ejercicio y sé que necesito hacerlo para evitar varias enfermedades, pero no sé cuánto tiempo es el recomendado. ¿Podrías orientarme para hacerlo bien?","Es normal sentirte así. Pero te felicito por haber venido a pedirme ayuda en lugar de quedarte entrampado con tus pensamientos. En general, se recomienda que jóvenes y adultos realicen entre 150 y 300 minutos a la semana de actividad física aeróbica de intensidad moderada. Además, si buscas obtener beneficios adicionales para tu salud, puedes incluir actividades de fortalecimiento muscular de intensidad moderada al menos dos días a la semana. Pero poco a poco, empieza con pequeñas dosis de actividad y luego vas aumentando.",Para un objetivo de salud óptimo se recomienda realizar entre 150 y 300 minutos de ejercicio a la semana.
"Me parece súper interesante todo esto de moverse, pero me confundo con los términos. ¿Podrías explicarme la diferencia entre actividad física, ejercicio y deporte?","¡Claro! Si bien puede parecer lo mismo en realidad son términos diferentes. Los ejercicios y deportes son tipos de actividad física. La actividad física es todo movimiento corporal que resulta en gasto energético, como caminar. Los ejercicios son movimientos planeados, estructurados, repetitivos y tienen la finalidad de mejorar el estado físico como hacer planchas. Los deportes, como el vóley, además de movimientos incluyen reglas y metas como llegar a 25 puntos en un set.","Los términos son distintos. La actividad física es todo movimiento corporal que consume energía. Los ejercicios son movimientos estructurados y repetidos, mientras que los deportes tienen reglas y objetivos específicos."
"Tengo una duda. ¿Cuál es la diferencia entre actividad física, ejercicio y deporte?","Si bien puede parecer lo mismo en realidad son términos diferentes. Los ejercicios y deportes son tipos de actividad física. La actividad física es todo movimiento corporal que resulta en gasto energético, como caminar. Los ejercicios son movimientos planeados, estructurados, repetitivos y tienen la finalidad de mejorar el estado físico como hacer planchas. Los deportes, como el vóley, además de movimientos incluyen reglas y metas como llegar a 25 puntos en un set.","La actividad física es cualquier movimiento corporal que gasta energía. El ejercicio se refiere a acciones premeditadas diseñadas para mejorar la condición física. Los deportes son actividades específicas con reglas y objetivos, como el vóley."
"Hola. Quiero entender mejor esto porque me siento un poco perdido. ¿Qué diferencia hay entre actividad física, ejercicio y deporte?","¡No te preocupes! ¡Yo te puedo ayudar con eso! Los ejercicios y deportes son tipos de actividad física. La actividad física es todo movimiento corporal que resulta en gasto energético, como caminar. Los ejercicios son movimientos planeados, estructurados, repetitivos y tienen la finalidad de mejorar el estado físico como hacer planchas. Los deportes, como el vóley, además de movimientos incluyen reglas y metas como llegar a 25 puntos en un set.","Actividad física es cualquier movimiento corporal que consume energía. Ejercicios son acciones ordenadas para mejorar la condición física, mientras que los deportes son actividades coordinadas con reglas y objetivos específicos."
"Hola, me preocupa no saber bien de qué se trata cada cosa. ¿Podrías decirme cuál es la diferencia entre actividad física, ejercicio y deporte?","Tranquilo, yo te puedo apoyar con eso. Los ejercicios y deportes son tipos de actividad física. La actividad física es todo movimiento corporal que resulta en gasto energético, como caminar. Los ejercicios son movimientos planeados, estructurados, repetitivos y tienen la finalidad de mejorar el estado físico como hacer planchas. Los deportes, como el vóley, además de movimientos incluyen reglas y metas como llegar a 25 puntos en un set.","La actividad física es cualquier movimiento corporal que consuma energía. El ejercicio se refiere a actividades estructuradas y planificadas diseñadas para mejorar la salud física, mientras que el deporte es un conjunto de reglas y objetivos que incluyen movimientos físicos con fines competitivos o recreativos."
"¡Hola! Estoy emocionado porque ya estoy haciendo algo de ejercicio, pero ¿cómo sé si es suficiente para mí?","¡Qué bueno oír eso! Todo depende de tus objetivos y de cómo te sientas al finalizar tu sesión de ejercicios. En general, se recomienda entre 150 y 300 minutos a la semana de actividad física aeróbica de intensidad moderada. Además, puedes incluir actividades de fortalecimiento muscular de intensidad moderada al menos dos días a la semana. Pero para una indicación más personalizada puede consultar con un experto.",150-300 minutos a la semana de actividad física aeróbica moderada.
¿Cómo puedo medir si la actividad física que hago es adecuada para mi edad y salud?,"En general, para jóvenes y adultos se recomienda entre 150 y 300 minutos a la semana de actividad física aeróbica de intensidad moderada. Además, puedes incluir actividades de fortalecimiento muscular de intensidad moderada al menos dos días a la semana. Pero para una indicación más personalizada puede consultar con un experto.","Para medir si tu actividad física es adecuada, consulta con un profesional médico o registrá el tiempo que dedicas y ajusta según sea necesario."
"Hola… hago algo de ejercicio, pero siento que podría no ser suficiente. ¿Cómo puedo saberlo?","Gracias por compartirme tu duda. Todo depende de tus objetivos y de cómo te sientas al finalizar tu sesión de ejercicios. En general, se recomienda entre 150 y 300 minutos a la semana de actividad física aeróbica de intensidad moderada. Además, puedes incluir actividades de fortalecimiento muscular de intensidad moderada al menos dos días a la semana. Pero para una indicación más personalizada puede consultar con un experto.","Para saber si tu ejercicio es suficiente, consulta con un experto o utiliza un cronómetro durante tus sesiones para medir el tiempo de actividad física aeróbica."
"Hago ejercicios, pero me preocupa que no esté haciendo lo necesario para mi edad. ¿Cómo puedo saber si es suficiente?","Vas por buen camino. Es mejor hacer ejercicios que mantenerse inactivo. Sobre el tiempo, todo depende de tus objetivos y de cómo te sientas al finalizar tu sesión de ejercicios. En general, se recomienda entre 150 y 300 minutos a la semana de actividad física aeróbica de intensidad moderada. Además, puedes incluir actividades de fortalecimiento muscular de intensidad moderada al menos dos días a la semana. Pero para una indicación más personalizada puede consultar con un experto.",¿Cuántos minutos de actividad física aeróbica moderada debes realizar a la semana? 150-300.
Me parece increíble cómo el ejercicio puede ayudar con la salud. ¿Qué enfermedades se pueden prevenir haciendo actividad física?,"Sí, es increíble como la actividad física puede ayudarnos de varias formas. Por ejemplo, reduce la incidencia de cáncer, hipertensión y diabetes, y además reduce la sintomatología depresiva y de ansiedad, influyendo positivamente en nuestro bienestar.",Actividad física puede prevenir cáncer.
"Hola, quisiera saber cómo contribuye la actividad física a la prevención de enfermedades.","La actividad física puede ayudarnos de varias formas. Por ejemplo, reduce la incidencia de cáncer, hipertensión y diabetes, y además reduce la sintomatología depresiva y de ansiedad, influyendo positivamente en nuestro bienestar.",La actividad física puede reducir la incidencia de enfermedades como el cáncer y la hipertensión. También puede influir en la salud mental.
"Hola, te cuento que tengo antecedentes cardiovasculares y de cáncer, pero no sé cómo ayuda el ejercicio. ¿Qué enfermedades se pueden prevenir?","Entiendo. La actividad física puede ayudarnos de varias formas. Por ejemplo, reduce la incidencia de cáncer, hipertensión y diabetes, mejora la mortalidad en todas sus formas y mortalidad cardiovascular, y además reduce la sintomatología depresiva y de ansiedad, influyendo positivamente en nuestro bienestar.","Ejercicio reduce riesgo de cáncer, hipertensión y diabetes."
"Hola, me preocupa mi salud en el futuro. ¿Qué tanto puede prevenir enfermedades la actividad física?","Tranquilo, aún estamos en el presente y hacer actividad física te ayudará a estar mejor en el aquí y el ahora. Pero también te cuento que reduce la incidencia de cáncer, hipertensión y diabetes, mejora la mortalidad en todas sus formas y mortalidad cardiovascular, y además reduce la sintomatología depresiva y de ansiedad, influyendo positivamente en nuestro bienestar.","La actividad física puede reducir la incidencia de cáncer, hipertensión y diabetes. También reduce la mortalidad cardiovascular y la sintomatología depresiva y de ansiedad."
"¡Hola! Quiero empezar a moverme más, pero la verdad no me gusta nada la idea de ir al gimnasio. ¿Hay formas de ejercitarse que sean igual de buenas y más divertidas?","¡Claro que sí! Todo depende de lo que busques. Si quieres fortalecer tus músculos, puedes entrenar en casa con mancuernas, tu propio peso o bandas de resistencia. Pero si solo quieres mantenerte activo, prueba bailar, correr, jugar tu deporte favorito o simplemente caminar. ¡Lo importante es disfrutar cada movimiento y pasarla bien mientras cuidas de ti!","Puedes bailar, correr, jugar un deporte o caminar."
"Hola, tengo una duda. No me gusta ir al gimnasio, pero sé que el ejercicio es importante. ¿Qué alternativas puedo considerar para mantenerme activo?","¡Hola! No te preocupes, no necesitas ir al gimnasio para mantenerte activo/a. Si quieres fortalecer tus músculos, puedes hacerlo en casa con mancuernas, bandas de resistencia o ejercicios con tu propio peso. Y si buscas simplemente mantenerte en movimiento, opciones como caminar, bailar, correr o practicar algún deporte son una gran alternativa. ¡Lo importante es encontrar algo que disfrutes!","Maneja ejercicios en casa con mancuernas y bandas de resistencia o haz caminar, correr o bailar."
"Siento que necesito hacer algo para mi salud, pero no me gusta la idea de ir al gimnasio. No sé qué más podría hacer. ¿Qué me aconsejarías?","A veces creemos que ir al gimnasio es la única forma de cuidar nuestra salud, pero no tienes que ir si no te gusta. Puedes empezar con algo que disfrutes, como bailar, caminar al aire libre o practicar un deporte que te motive. Si quieres fortalecer tus músculos, entrenar en casa con tu peso corporal, mancuernas o bandas de resistencia también funciona. Poco a poco, encontrarás algo que te haga sentir bien contigo mismo.",Ir al gimnasio no es la única forma de mejorar tu salud. Puedes intentar actividades que te gusten.
"Estoy preocupado porque no hago ejercicio y sé que es importante, pero no me gusta el gimnasio. ¿Qué otras formas hay para cuidar mi cuerpo sin tener que ir allí?","Es normal sentirse así, pero no te preocupes, hay muchas formas de cuidar tu cuerpo sin ir al gimnasio. Puedes entrenar en casa con ejercicios como sentadillas, planchas, con mancuernas o usando bandas de resistencia. También puedes mantenerte activo bailando, corriendo o incluso dando paseos largos. Lo importante es empezar poco a poco y convertirlo en algo que disfrutes. ¡Tu salud te lo agradecerá!","Hay muchas formas de ejercicio casero como hacer sentadillas, planchas con mancuernas o bandas de resistencia. También puedes correr o dar paseos largos y bailar."
¡Hola! Estoy súper emocionado de empezar a moverme más. ¿Qué me recomendarías?,"¡Qué emocionante que estés listo para moverte más! Lo más importante al comenzar es no apresurarse. Empieza poco a poco. Si nunca has hecho ejercicio, prueba caminar rápido unos minutos, y luego aumenta gradualmente el tiempo; o ir un día al gimnasio en lugar de tres. La clave es no ir demasiado rápido para evitar frustraciones o lesiones. Si tienes la oportunidad, busca asesoría de un profesional o, si no, puedes seguir videos de rutinas para aprender las técnicas correctas. ¡Estás dando un gran paso, y lo más importante es que sigas disfrutando del proceso!",¿Qué te hace querer empezar a moverte?
Quisiera saber qué tipo de actividad física es más adecuada para alguien que está comenzando.,"¡Hola! La mejor actividad física para ti depende de lo que te gusta y tus objetivos. En general, lo mejor al comenzar es hacerlo de manera gradual. Por ejemplo, puedes empezar con 5 minutos de caminata al día, y luego aumentar a 10 minutos en la siguiente semana. Si quieres fortalecer músculos, empieza con una sesión a la semana e incrementa poco a poco, de 1 a 2 veces por semana. La clave es no apresurarse, para evitar lesiones y frustraciones. Si es posible, busca la asesoría de un profesional, o sigue videos que te ayuden a aprender las técnicas correctamente.",Caminar es una buena opción. Es recomendable empezar con sesiones cortas y aumentar gradualmente la duración y frecuencia.
"Hola… quiero empezar, pero no sé bien por dónde. ¿Qué actividad física es buena para alguien nuevo como yo?","¡Hola! Es completamente normal no saber por dónde empezar. Lo más importante es ir poco a poco, para no sentirte abrumado. Puedes comenzar con algo sencillo como caminar rápido, unos 5 minutos al principio, y luego ir incrementando la duración gradualmente. Si quieres trabajar el fortalecimiento muscular, empieza con 1 sesión a la semana. O cualquier actividad que te guste considerando tus objetivos, lo importante es empezar y disfrutar del proceso. También es útil ver videos que te guíen en las técnicas y, si puedes, hablar con un profesional para recibir consejos.",Caminar rápido durante 5 minutos al día es una buena opción.
"Hola, no sé si estoy empezando bien. ¿Qué tipo de actividad física me recomendarías para evitar errores?","¡Hola! Es natural sentir dudas al empezar, pero no te preocupes, los errores son parte del proceso. Lo importante es avanzar paso a paso para evitar lesionarte y frustraciones. Si estás comenzando, es mejor enfocarte en aumentar gradualmente la duración de tus ejercicios antes de subir la intensidad. Empieza caminando rápido por unos minutos, y luego aumenta el tiempo progresivamente. Si te interesa el fortalecimiento muscular, comienza con una sesión a la semana, y aumenta la frecuencia poco a poco. Además, siempre es bueno aprender sobre las técnicas adecuadas, ya sea viendo videos o pidiendo ayuda a un profesional.","Eres nuevo en ejercicio, camina."
¡Hola! Estoy motivado para empezar a ejercitarme. ¿Cuánto tiempo crees que tardaré en notar los beneficios?,"¡Qué bueno escuchar que estás motivado para empezar a ejercitarte! Generalmente, puedes notar algunos beneficios rápidamente. Por ejemplo, una sola sesión de ejercicios puede aumentar tu energía y mejorar tu estado de ánimo casi de inmediato. Si te mantienes constante, después de unas 8 a 12 semanas, empezarás a ver adaptaciones más significativas en tu cuerpo. Todo depende de tu experiencia previa, tu estado físico y tu estado de salud actual. ¡Sigue así!",No hay un plazo específico para notar beneficios. La mejora se logra con la constancia del ejercicio.
¿Qué tan rápido suelen notarse los beneficios del ejercicio?,"Los beneficios del ejercicio pueden notarse en diferentes plazos. Todo depende de tu experiencia previa, tu estado físico y tu estado de salud actual. Por ejemplo, después de una sola sesión, podrías sentirte más enérgico y con mejor ánimo. Sin embargo, para ver cambios más duraderos en tu resistencia y condición física, generalmente se necesitan entre 8 y 12 semanas. Así que la constancia es clave.","Los beneficios del ejercicio pueden notarse en diferentes plazos. Dependiendo de los factores mencionados anteriormente, algunos cambios se pueden apreciar después de una sola sesión y otros requieren varios meses."
"Quiero sentirme mejor pronto, pero no sé cuánto tiempo tomará. ¿Cuándo empezaré a ver resultados de hacer ejercicios?","Entiendo cómo te sientes. Es normal querer ver resultados pronto. Todo depende de tu experiencia previa, tu estado físico y tu estado de salud actual. Después de una sesión de ejercicio, podrías sentir un aumento inmediato en tu energía y bienestar. Sin embargo, para notar cambios más significativos en tu condición física, como resistencia y fuerza, suele tomar entre 8 y 12 semanas. Lo importante es que cada pequeño paso cuenta hacia sentirte mejor.",Se requieren 8-12 semanas para notar cambios significativos en tu condición física.
Estoy preocupado porque no sé si los resultados de hacer ejercicios tardan mucho. ¿Cuánto tiempo suele tomar?,"Entiendo tu preocupación. A veces queremos resultados inmediatos, pero esto es un proceso. Todo depende de tu experiencia previa, tu estado físico y tu estado de salud actual. Una sola sesión de ejercicio puede ayudarte a sentirte mejor al instante y aumentar tu energía. Sin embargo, para ver cambios más notables en tu resistencia y adaptación física, generalmente se requieren entre 8 y 12 semanas. Lo importante es ser constante y no desanimarte; cada pequeño esfuerzo suma.",Depende de tus objetivos y su nivel actual.
¡Hola! Estoy buscando formas de dormir mejor y me dijeron que el ejercicio puede ayudar. ¿Es cierto?,"¡Hola! ¡Es cierto! Hacer ejercicio puede ayudarte a dormir mejor. Se ha demostrado que incluso después de solo una semana de actividad física, puedes notar mejoras en varios indicadores relacionados a la calidad del sueño. Si mantienes una rutina regular, esos beneficios se vuelven aún más significativos. ¡Así que a moverse!",Sí. El ejercicio puede mejorar tu capacidad para dormir.
Tengo curiosidad sobre si la actividad física puede mejorar la calidad del sueño.,"Hacer ejercicio puede ayudarte a dormir mejor. Se ha demostrado que incluso después de solo una semana de actividad física, puedes notar mejoras en varios indicadores relacionados a la calidad del sueño. Si mantienes una rutina regular, esos beneficios se vuelven aún más significativos.","La actividad física puede afectar la calidad del sueño, algunos estudios sugieren que el ejercicio regular puede mejorar los indicadores de calidad del sueño."
Llevo tiempo durmiendo mal. ¿El ejercicio realmente ayuda con eso?,"Lamento mucho escuchar eso. El ejercicio realmente puede ayudar con el sueño, y muchas personas han notado mejoras incluso en solo una semana. Si lo conviertes en un hábito regular, los resultados tienden a ser aún mejores. Sin embargo, también te sugeriría que consideres hablar con un psicólogo para explorar las posibles causas de las dificultades para dormir. A veces, tener un enfoque integral puede ser muy útil. ¡Te deseo lo mejor en este proceso!",El ejercicio puede mejorar la calidad del sueño en algunas personas.
Estoy preocupado porque no estoy durmiendo bien. ¿Hacer ejercicio puede ayudarme a descansar mejor?,"Entiendo completamente tu preocupación; es frustrante querer descansar bien y no poder. Hacer ejercicio realmente puede ser una excelente solución para mejorar el sueño. De hecho, se ha demostrado que incluso una semana de actividad física puede marcar una diferencia positiva en la calidad del sueño. Si lo conviertes en un hábito regular, esos beneficios pueden aumentar aún más. Sin embargo, también podría ser útil hablar con un psicólogo para explorar cualquier causa subyacente que pueda estar afectando tu descanso.","Hacer ejercicio puede mejorar la calidad del sueño en algunas personas, pero no es garantía de un mejor descanso."
¡Hola! Me gustaría ser más activo en mi día a día sin depender del gimnasio. ¿Qué me sugieres?,"¡Excelente! Lo bueno de la actividad física es que por lo general no necesitas el gimnasio. Puedes incorporar actividades simples en tu día, como caminar más, tomar las escaleras en lugar del ascensor o hacer pausas activas. Si prefieres algo más intenso, los entrenamientos cortos de alta intensidad son perfectos y ocupan menos tiempo. ¡Lo importante es mantenerte en movimiento y disfrutar el proceso!",Puedes caminar más o tomar las escaleras. También puedes hacer pausas activas.
¿Qué formas sencillas hay de incluir actividad física en mi rutina sin ir al gimnasio?,"Incluir actividad física en tu rutina diaria es más fácil de lo que parece. Cualquier movimiento que te haga gastar energía cuenta. Puedes caminar más, usar las escaleras en lugar del ascensor o hacer pausas activas a lo largo del día. Si prefieres algo más intenso y corto, los entrenamientos de alta intensidad son muy eficaces para cubrir tus necesidades de actividad física en menos tiempo. Lo importante es encontrar lo que se ajuste mejor a tu rutina.",Caminar más o usar las escaleras en lugar del ascensor son formas sencillas de incluir actividad física. Los entrenamientos de alta intensidad también son efectivos.
"Quiero moverme más, pero no me gusta el gimnasio y a veces no tengo tiempo. ¿Qué otras cosas puedo hacer en mi día?","Entiendo, a muchas personas no les gusta el gimnasio. Puedes optar por caminar para ir al trabajo, tomar las escaleras en lugar del ascensor o hacer pequeñas pausas activas durante el día. También puedes probar entrenamientos de alta intensidad, que son cortos pero muy efectivos. Lo importante es que encuentres algo que te guste y que se ajuste a tu vida, ¡y poco a poco notarás la diferencia!",Puedes caminar o tomar las escaleras. También puedes hacer pausas activas durante el día.
"Hola, no sé cómo incluir ejercicio si no voy al gimnasio y tengo poco tiempo. ¿Qué alternativas tengo?","Es normal sentirse así, pero no te preocupes. Puedes hacer pequeños cambios en tu rutina diaria, como caminar más, subir escaleras en vez de usar el ascensor o hacer pausas activas para moverte un poco. También puedes optar por entrenamientos de alta intensidad, que en poco tiempo te ayudan a cumplir con los requisitos de actividad física. Lo más importante es empezar poco a poco.",Incluye ejercicio haciendo caminatas cortas o subiendo escaleras cuando subas al ascensor.
¡Hola! Me gustaría hacer ejercicio acompañado. ¿Alguna idea?,"¡Excelente que estés buscando compañía! Invita a un amigo o familiar a unirse a ti. También podrías planear algo divertido como jugar fútbol, salir a caminar o participar en una clase grupal. ¡Seguro que será más entretenido!",Puedes encontrar un parque y caminar solo o buscar un grupo de ejercicio local donde puedas asistir.
"Hola, quiero hacer ejercicio acompañado. ¿Qué me sugieres?","Puedes invitar a alguien cercano a que se una a tus actividades físicas. También es una buena idea hacer planes sociales que incluyan ejercicio, como jugar deportes en equipo o caminar juntos.",Puedes hacer ejercicio contigo mismo.
"Siento que solo no podré hacer ejercicios o deportes, ¿qué puedo hacer?","Entiendo que puede ser complicado al inicio hacer cosas solas, pero poco a poco te sentirás cómodo con tu compañía y podrás lograrlo. También puedes tratar de hablar con alguien cercano sobre tus metas para que te acompañe. Si eso no es posible, unirte a clases grupales es una excelente forma de conocer personas con intereses similares.",Puedes considerar el ejercicio en casa o usar aplicaciones diseñadas para ejercicios. También puedes tratar de hablar con alguien cercano sobre tus metas para que te acompañe.
"Hola, quiero hacer ejercicio acompañado, pero no sé cómo empezar. ¿Qué me recomiendas? Siento que no tengo muchos amigos.",Entiendo que no siempre es fácil. Lo bueno de la actividad física es que puedes conectar con personas que compartan objetivos similares o unirte a clases grupales puede ayudarte a sentirte acompañado.,Únete a un grupo de ejercicio o programa de fitness local. Muchas ciudades tienen clubes o salas de fitness donde puedes inscribirse y hacer ejercicio con otros que tienen objetivos similares.
"Soy una persona extrovertida y me gusta la compañía, ¿la actividad física es buena para mí?","Por supuesto. Puedes invitar a tus amigos o unirte a actividades grupales, como clases en el gimnasio o deportes en equipo. Además, ¡es una gran oportunidad para hacer nuevas amistades mientras te mantienes activo!",La actividad física puede ser beneficiosa para ti.
¿Hacer ejercicio tiene que ser algo solitario?,"No necesariamente. Puedes hacer ejercicio con amigos o compañeros, o unirte a grupos que comparten tus objetivos de actividad física.","No, no es necesario hacer ejercicio solo."
"Hola, ¿hacer ejercicio siempre tiene que ser solitario? No me gusta estar solo en esto.",Entiendo cómo te sientes. Hacer ejercicio puede ser una actividad social si te unes a clases grupales o actividades en equipo. También puedes invitar a alguien que conozcas a compartir esta experiencia contigo.,"No es necesario. Puedes hacer ejercicio con amigos, familiares o incluso solitario."
"Hola, siento que hacer ejercicio es algo solitario. ¿Hay opciones diferentes?","Entiendo que esa sensación puede ser difícil. Puedes intentar unirte a grupos de ejercicio o actividades comunitarias, donde siempre hay alguien con quien compartir el camino.",Puedes unirte a clases en grupo o programas de ejercicio comunitario.
Me cuesta motivarme para hacer ejercicio. Creo que necesito a alguien más para empezar. ¿Qué hago?,¡Es genial que reconozcas lo que necesitas! Agenda con un amigo o familiar una actividad física y únete a clases grupales. ¡Estar con otros siempre da un empujón extra!,Encuentra un grupo de ejercicio en tu área.
No tengo mucha motivación para hacer ejercicio. ¿Qué puedo hacer?,Puedes planear actividades físicas con alguien cercano o unirte a una clase grupal. Compartir metas con otros puede ser un buen incentivo.,Haz ejercicio regularmente o no lo hagas en absoluto.
Me cuesta mucho motivarme para hacer ejercicio y siento que necesito a alguien más. ¿Qué me recomiendas?,"Entiendo lo difícil que puede ser empezar solo. Busca un amigo o familiar con quien coordinar horarios. Además, inscribirte en clases grupales puede darte ese empujón que necesitas.",Encontrar un compañero de ejercicio es posible. Considera grupos de entrenamiento o aplicaciones de seguimiento de progreso.
"Hola, no tengo motivación para hacer ejercicio, siento que necesito compañía. ¿Qué puedo hacer?",Entiendo cómo te sientes. Habla con alguien de confianza y pídele que te acompañe. También puedes probar unirte a clases grupales para encontrar motivación en equipo.,Puedes buscar clases de ejercicio en grupos pequeños o ir a gimnasios que ofrezcan servicios individuales y flexibles.
"Hola, hay días que simplemente no tengo motivación y se me hace difícil ir al gimnasio.","Entiendo, y es completamente normal sentirse así a veces. Es importante reflexionar sobre los motivos que te llevan al gimnasio, especialmente si son intrínsecos, como sentirte bien contigo mismo o mejorar tu salud. Sin embargo, no siempre necesitas motivación para actuar; basta con ponerte la ropa y dirigirte al gimnasio en ""modo automático"". Una vez allí, completar la rutina puede ayudarte a recuperar esa motivación en el proceso.","Algunos días no te apetece ir al gimnasio, pero ya estás ahí."
¡Hola! ¿Qué es exactamente la actividad física aeróbica? ¡Quiero saber más!,"La actividad física aeróbica es aquella que acelera tu respiración y hace que tu corazón lata más rápido. Solo cuentan las actividades de intensidad moderada o vigorosa, así que ¡prepárate para moverte!",La actividad física aeróbica es un tipo de ejercicio que aumenta la frecuencia cardíaca y la respiración.
¿Puedes explicarme qué es la actividad física aeróbica?,"La actividad aeróbica es cualquier actividad que aumenta tu ritmo cardíaco y tu respiración. Generalmente, requiere un esfuerzo moderado o vigoroso para cumplir los requisitos de actividad física recomendada.",La actividad aeróbica es cualquier actividad que aumenta tu ritmo cardíaco y tu respiración.
No estoy seguro de entender bien qué es la actividad física aeróbica. ¿Me lo explicas?,"Claro, entiendo que pueda parecer un término complicado. Es simplemente una actividad que acelera tu respiración y hace que tu corazón lata más rápido, como caminar rápido o nadar. No te preocupes, puedes empezar poco a poco.",La actividad física aeróbica es ejercicio aeróbico.
"Hola, quisiera entender qué es la actividad física aeróbica, pero me siento un poco perdido.","Te entiendo. La actividad aeróbica es cualquier ejercicio que hace que tu respiración sea más rápida y tu corazón trabaje un poco más, como bailar o caminar rápido. Puedes empezar con algo suave que te guste.",La actividad aeróbica es cualquier ejercicio que aumenta la frecuencia cardíaca y mejora la resistencia cardiovascular.
¿Qué significa la intensidad en la actividad física? ¡Cuéntamelo todo!,"¡Qué genial que quieras aprender más! La intensidad mide cuán fuerte estás trabajando durante el ejercicio. Puede ser moderada o vigorosa, dependiendo de cuánto esfuerzo sientas que estás haciendo.","La intensidad se refiere a la cantidad de energía que requieres tu cuerpo para realizar un ejercicio. Puede variar desde moderado hasta alto, dependiendo del nivel de esfuerzo que realices durante el ejercicio físico."
¿A qué se refiere la intensidad de una actividad física?,"La intensidad se refiere a cuánto esfuerzo aplicas al realizar un ejercicio. Puede variar entre leve, moderada y vigorosa, dependiendo de lo difícil que te resulte la actividad.",La intensidad se mide por la cantidad de energía que requiere una actividad física.
"Hola, ¿cómo puedo saber qué significa la intensidad en la actividad física? Siento que no hago lo suficiente.","No te preocupes, lo importante es que ya estás empezando a ser activo. La intensidad es el nivel de esfuerzo que pones al hacer ejercicio.",La intensidad se mide por la cantidad de energía que utilizas durante un ejercicio y es expresada en unidades como calorías o watts.
No sé bien qué significa la intensidad en la actividad física. ¿Me podrías ayudar?,Por supuesto. La intensidad es simplemente el esfuerzo que haces durante el ejercicio. ¡Puedes empezar despacio e ir aumentando progresivamente!,La intensidad en la actividad física se refiere a un nivel de esfuerzo.
¿Qué actividades físicas de intensidad moderada me recomiendas? ¡Estoy listo para empezar!,"¡Qué buena actitud! Puedes probar caminata rápida, nado recreativo, bailar, bicicletear o incluso jardinería. ¡Haz algo que disfrutes y te ponga en movimiento!","Caminata rápida, nado recreativo, bailar, bicicletear."
¿Podrías darme ejemplos de actividades físicas moderadas?,"Claro, actividades como caminar rápido, nadar de forma recreativa, jugar tenis en dobles o practicar yoga activo son ejemplos perfectos de intensidad moderada.","Actividades físicas moderadas incluyen correr, patinar, bailar y caminar con pesas."
¿Qué actividades moderadas podría intentar? No sé si estoy eligiendo bien.,"No te preocupes, hay muchas opciones. Caminar rápido, nadar recreativamente, bailar o hacer yoga activo son actividades accesibles para empezar.","Caminar en un terreno variado, nadar con un traje de buceo estándar, correr en superficies asfaltadas."
"Hola, quisiera saber qué actividades moderadas podría intentar, pero no sé si me sentiré capaz.","Lo entiendo, empieza con algo sencillo como caminar a buen ritmo o nadar tranquilamente. Poco a poco, encontrarás una actividad que te haga sentir cómodo.",Caminar a un ritmo estable o hacer yoga diario son opciones posibles.
¿Qué actividades vigorosas puedo hacer? ¡Quiero algo que me rete!,"¡Eso es actitud! Correr, nadar repetidamente ida y vuelta de un lado al otro de la piscina, hacer ciclismo rápido o incluso kickboxing son opciones excelentes. ¡Diviértete mientras lo haces!","Correr, nadar, hacer ciclismo o kickboxing."
¿Podrías darme ejemplos de actividad física vigorosa?,"Por supuesto, actividades como correr, nadar repetidamente de un lado a otro de la piscina, jugar tenis individual o saltar la cuerda son ejemplos de ejercicios vigorosos.","Correr, nadar, jugar tenis y saltar la cuerda."
"Hola, ¿qué tipo de actividades vigorosas puedo intentar? No sé si podré con ellas.","No te preocupes, lo bueno de la actividad física es que puedes ajustarla a tu nivel. Empieza con actividades como correr a un ritmo cómodo, saltar la cuerda o nadar, y aumenta la intensidad gradualmente.","Correr, saltar la cuerda o nadar son opciones de actividad física."
"Quisiera intentar ejercicios vigorosos, pero no sé si seré capaz. ¿Qué me sugieres?","Entiendo cómo te sientes. Puedes empezar con algo que te guste, como saltar la cuerda, manejar bicicleta, correr o nadar, y ajustar el ritmo según cómo te sientas. ¡El progreso será tuyo!","Prueba algún ejercicio de fuerza, comienza despacio y aumenta gradualmente la intensidad según tus limitaciones físicas."
Quiero saber cómo medir la intensidad de mi ejercicio. ¿Cómo lo hago?,"¡Es sencillo! Piensa en una escala del 0 al 10 donde 0 es estar sentado y 10 es el máximo esfuerzo. Si crees que estás en un 5 o 6, estás en intensidad moderada. Si puntúas 7 u 8, ¡ya estás en intensidad vigorosa! Todo depende de tu experiencia.",Utiliza una escala del 0 al 10 donde el 0 indica inactividad y el 10 es el máximo esfuerzo.
¿Cómo puedo saber qué tan intenso es el ejercicio que hago?,"Piensa en una escala del 0 al 10 donde 0 es estar sentado y 10 es el máximo esfuerzo. Un nivel 5 o 6 corresponde a intensidad moderada, mientras que 7 u 8 indican intensidad vigorosa. Todo depende de tu vivencia al hacer ejercicios.",Puedes medir la intensidad del ejercicio comparando tu ritmo cardíaco con uno normal o utilizando un dispositivo de seguimiento del ritmo cardíaco.
No sé cómo medir la intensidad del ejercicio que hago. ¿Me puedes orientar?,"Claro, no es complicado. Piensa en una escala del 0 al 10 donde 0 es estar sentado y 10 es el máximo esfuerzo. Si sientes que estás en un 5 o 6, estás en intensidad moderada; si es 7 u 8, es vigorosa.","Utiliza una escala de 0 a 10 donde 0 es inactivo y 10 es máximo esfuerzo. Un nivel de 5-6 indica moderación, 7-8 indicia vigorosa."
Me cuesta saber si el ejercicio que hago es intenso. ¿Cómo lo puedo medir?,"No te preocupes, usa una escala sencilla del 0 al 10 donde 0 es estar sentado y 10 es el máximo esfuerzo. Si sientes que estás en un 5 o 6, estás en intensidad moderada; si es 7 u 8, es vigorosa. Escucha tu cuerpo, ¡él te guiará!","La intensidad del ejercicio se puede medir mediante la escala de 0 a 10, donde el 0 indica inactividad y el 10 indica el máximo esfuerzo."
¡Hola! ¿Cómo puedo saber fácilmente qué tan intenso es el ejercicio que hago?,"¡Me encanta tu entusiasmo! Una manera práctica es prestar atención a cómo hablas durante la actividad. Si puedes hablar pero no cantar, estás en intensidad moderada. Si apenas puedes decir unas palabras sin detenerte para respirar, ¡estás en intensidad vigorosa!","Puedes medir tu ritmo cardíaco o la intensidad del esfuerzo mediante aplicaciones de fitness. También escucharías el ruido de tu own breathing durante un ejercicio moderado, mientras que respirarías rápidamente y con dificultad en un ejercicio vigoroso."
¿Hay una forma sencilla de medir la intensidad del ejercicio?,"Claro, puedes guiarte por tu respiración. En intensidad moderada, puedes hablar cómodamente, pero no cantar. En intensidad vigorosa, apenas puedes decir unas palabras sin necesitar una pausa para respirar.",Puedes medir la intensidad del ejercicio según tu capacidad para realizar tareas físicas durante el tiempo establecido.
No estoy seguro de cómo medir la intensidad de mi ejercicio. ¿Podrías darme algún consejo práctico?,"¡No te preocupes! Es muy sencillo. Si puedes hablar pero no cantar mientras haces ejercicio, estás en una intensidad moderada. Si hablar te cuesta mucho, ya estás en intensidad vigorosa.","Para medir la intensidad de tu ejercicio, habla mientras lo haces y escucha tu voz. Si puedes hablar normalmente, es moderado. Si no, es intenso."
"Quisiera saber cómo medir la intensidad del ejercicio, pero no sé si podré hacerlo bien.","Tranquilo, es muy fácil. Si puedes mantener una conversación mientras haces ejercicio, estás en intensidad moderada. Si te cuesta hablar sin parar para respirar, ¡estás trabajando en intensidad vigorosa!","Para medir la intensidad del ejercicio, puedes observar tu frecuencia cardíaca y el estado de tu cuerpo después del ejercicio."
¿Puedo aumentar la intensidad de mi ejercicio? ¡Estoy listo para más retos!,"¡Claro que sí! Puedes pasar progresivamente de actividades moderadas a vigorosas, como caminar rápido a trotar. ¡Recuerda que si tienes alguna condición de salud, consulta primero con un profesional!","Puedes aumentar la intensidad de tu ejercicio aumentando gradualmente el nivel de dificultad, pero asegúrate de consultar a un profesional si tienes alguna condición de salud."
¿Es posible aumentar la intensidad de mis rutinas de ejercicios?,"Sí, es posible. Puedes ir progresando de actividades moderadas, como caminar rápido, a vigorosas, como correr. Si tienes alguna enfermedad crónica, consulta con un profesional antes de hacerlo.","Sí, puedes aumentar la intensidad de tus rutinas de ejercicios haciendo más kilómetros de carrera, o incluyendo intervalos de sprint. Consulta un médico si tienes alguna condición médica preexistente."
¿Cómo podría aumentar la intensidad de mi rutina de actividad física sin lastimarme?,"No te preocupes, lo puedes hacer de forma gradual. Por ejemplo, incrementa la velocidad o la duración de tus ejercicios moderados hasta alcanzar una intensidad vigorosa. Si tienes alguna condición de salud, asegúrate de hablar con un profesional primero.","Aumentar la intensidad de tu rutina de actividad física implica aumentar la duración y/o la frecuencia de tus ejercicios. Incrementa gradualmente la velocidad o la duración de tus ejercicios moderados hasta alcanzar una intensidad vigorosa. Si tienes alguna condición de salud, hablar con un profesional puede ser beneficioso."
"Me gustaría saber si puedo aumentar la intensidad de mi ejercicio, pero no estoy seguro de cómo hacerlo o si podré hacerlo.","Claro que puedes. Intenta ir paso a paso, como aumentar la duración o el esfuerzo de tus ejercicios actuales. Si tienes alguna preocupación de salud, un profesional te puede orientar mejor.",Puedes intentar aumentar tu intensidad mediante la prolongación de tus sesiones de ejercicio o incrementando el peso que utilizas.
¿Qué me recomiendas para fortalecer mis músculos? ¡Estoy listo para el reto!,"¡Qué genial actitud! En este caso, realiza la actividad hasta que sientas que no puedes hacer otra repetición sin ayuda. Empieza con un set de 8 a 12 repeticiones, y para más beneficios, haz de 2 a 3 sets trabajando distintas zonas como brazos, piernas y abdomen.","Fortalecer los músculos implica realizar ejercicios que aumenten la resistencia muscular. Esto se logra mediante repeticiones de ciertos movimientos que trabajan varias zonas del cuerpo. Los ejercicios pueden variar entre estiramientos y presión muscular, dependiendo de tus objetivos específicos, como aumento de masa muscular o tonificación general."
¿Tienes recomendaciones para ejercicios de fortalecimiento muscular?,"Por supuesto. Haz repeticiones completas de un ejercicio hasta que sientas que es difícil hacer otra sin ayuda. Se recomienda al menos un set de 8 a 12 repeticiones por ejercicio, y para mejores resultados, realiza 2 o 3 sets enfocándote en diferentes grupos musculares.",Siempre es útil hacer ejercicios completos hasta que sientas dificultad. Se recomienda al menos 8 a 12 repeticiones por ejercicio y dos o tres sets enfocados en diferentes grupos musculares.
"Hola, quiero fortalecer mis músculos, pero no sé si lo estoy haciendo correctamente. ¿Qué me aconsejas?","No te preocupes, aquí te dejo una guía: haz ejercicios hasta que sientas que no puedes hacer otra repetición sin ayuda. Empieza con un set de 8 a 12 repeticiones y, si te sientes cómodo, ve aumentando progresivamente, hasta 2 o 3 sets enfocándote en diferentes grupos musculares.",Haz ejercicios hasta que sientas agotamiento.
"Hola, me interesa fortalecer mis músculos, pero no sé si seré capaz de hacerlo bien. ¿Qué me sugieres?","Te entiendo, pero puedes empezar con algo sencillo. Realiza un set de 8 a 12 repeticiones de ejercicios que te resulten cómodos y trabaja diferentes áreas poco a poco; luego puedes ir aumentando el número de sets. Tú decides el ritmo.",Realiza un set de 8 a 12 repeticiones de ejercicios que te resulten cómodos y trabaja diferentes áreas poco a poco.
¡Hola! ¿Qué ejercicios para fortalecer los músculos me recomiendas?,"Puedes probar levantamiento de pesas, trabajar con bandas de resistencia, hacer planchas o incluso algunas posturas de yoga.  ¡Diviértete explorando!","Levantamiento de pesas, trabajo con bandas de resistencia y planchas son ejercicios comúnmente recomendados para fortalecer los músculos."
¿Qué ejercicios de fortalecimiento muscular podría hacer?,"Puedes realizar actividades como levantar pesas, usar bandas de resistencia, hacer ejercicios de peso corporal como planchas, o practicar posturas de yoga.",Puedes hacer levantamiento de pesos.
"Hola, no estoy seguro de qué ejercicios podría hacer para fortalecer mis músculos. ¿Alguna idea?","Claro, puedes empezar con algo sencillo como ejercicios con tu peso corporal, por ejemplo, planchas. Si prefieres algo más estructurado, prueba con bandas de resistencia o ejercicios ligeros con pesas o máquinas.",Puedes hacer ejercicios con tu peso corporal. Planchas son un ejemplo común.
"Hola, me gustaría fortalecer mis músculos, pero no sé qué ejercicios hacer. ¿Podrías ayudarme? El mundo de fitness es muy complicado para mí.","Tranquilo, toda actividad nueva es un desafío sobre todo al iniciar. Puedes empezar con ejercicios simples como planchas o algunas posturas de yoga. También puedes probar actividades como levantar pesas ligeras o usar bandas de resistencia. ¡Paso a paso lo lograrás!",Planchas y posturas de yoga son ejercicios simples que pueden ayudarte a fortalecer tus músculos. Levantar pesas ligeras o usar bandas de resistencia también puede ser útil.
¡Hola! ¿Cuántas horas debo dormir para sentirme bien durante el día?,"¡Qué buena pregunta! Para personas entre 18 y 60 años, se recomienda dormir al menos 7 horas cada noche. ¡Así estarás lleno de energía para todo lo que te propongas!",Se recomienda entre 7 y 9 horas de sueño.
"Hola, ¿cuántas horas de sueño son recomendables?","En general, se sugiere que los adultos de entre 18 y 60 años duerman al menos 7 horas cada noche. Es fundamental para mantener una buena salud.",La duración del sueño recomendada es de 7 horas.
"Hola, me preocupa no estar durmiendo lo suficiente. ¿Cuántas horas necesito realmente?","No te preocupes, la recomendación general para adultos entre 18 y 60 años es dormir al menos 7 horas por noche. Si tienes dificultades, podemos hablar de cómo mejorar tu descanso.",Se recomienda al menos 7 horas de sueño por noche.
"Hola, creo que no estoy durmiendo bien. ¿Cuántas horas debería dormir?","Lamento que te sientas así. Para cuidar tu salud, trata de dormir al menos 7 horas cada noche. Un buen descanso puede marcar la diferencia en cómo te sientes día a día.",La cantidad recomendada de horas de sueño es de 7 horas por noche.
¡Hola! ¿Cuáles son los beneficios físicos de dormir bien?,"¡Claro! Dormir lo suficiente mejora tu salud cardíaca, ayuda al metabolismo, y reduce el riesgo de enfermedades como diabetes tipo 2, presión arterial alta, accidentes automovilísticos y accidentes cerebrovasculares. ¡Dormir bien es cuidar tu cuerpo!",Mejora tu salud cardíaca.
"Hola, ¿qué beneficios para mi salud física tiene dormir lo suficiente?","Dormir bien puede mejorar tu salud cardíaca, protegerte de condiciones crónicas como diabetes tipo 2 y presión alta, y reducir el riesgo de accidentes cerebrovasculares. Es esencial para una buena salud.",Dormir lo suficiente puede mejorar tu salud cardíaca y reducir el riesgo de diabetes tipo 2 y presión alta.
"Hola, me preocupa cómo mi falta de sueño podría estar afectando mi cuerpo. ¿Qué beneficios tendría dormir mejor?","Dormir bien es fundamental. Mejora la salud del corazón, protege contra enfermedades como diabetes tipo 2 y presión alta, y también reduce el riesgo de accidentes cerebrovasculares. Si necesitas ayuda para dormir mejor, estoy aquí para ayudarte.",Dormir bien mejora la salud cardiovascular y reduce el riesgo de diabetes tipo 2 y presión alta.
"Hola, siento que mi cuerpo no está bien. ¿Podría ser por no dormir lo suficiente?","Es posible. Dormir lo suficiente fortalece tu corazón, regula el metabolismo y reduce el riesgo de enfermedades crónicas. Cuidar tu descanso podría hacer que te sientas mejor físicamente.","Dormir lo suficiente puede ayudar a mejorar la salud del cuerpo, pero no es la única causa de problemas de salud. La falta de sueño puede afectar negativamente el bienestar físico y mental."
Hola! ¿Qué beneficios para mi salud mental tiene dormir bien?,"¡Excelente pregunta! Dormir lo suficiente puede ayudarte a reducir el estrés, mejorar el ánimo, fortalecer la memoria y mantenerte enfocado durante el día. ¡Dormir bien es clave para sentirte increíble mentalmente!",Dormir lo suficiente puede ayudar a reducir el estrés y mejorar el estado de ánimo.
"Hola, ¿dormir bien tiene beneficios para la salud mental?","Sí, definitivamente. Dormir lo suficiente puede ayudarte a reducir el estrés, mejorar tu estado de ánimo, fortalecer tu memoria y aumentar tu capacidad de atención.","Dormir bien tiene beneficios para la salud mental, pero no es una garantía de bienestar. El sueño puede influir en el estado de ánimo y reducir el estrés."
"Hola, me siento abrumado y no sé si mi falta de sueño está afectando mi mente. ¿Dormir más puede ayudarme?","Sí, dormir lo suficiente es crucial para tu salud mental. Te ayuda a reducir el estrés, mejorar el estado de ánimo y fortalecer tu capacidad de atención y memoria. Si necesitas consejos, podemos revisar algunas pautas para mejorar tu descanso.",La cantidad de sueño no tiene un impacto directo en la salud mental.
"Hola, siento que mi mente no está funcionando bien. ¿Dormir mejor puede ayudarme?","Lamento oír eso. Dormir bien puede ser de gran ayuda. Te permite reducir el estrés, mejorar tu estado de ánimo y fortalecer la memoria. Pequeños cambios en tu rutina pueden marcar una gran diferencia.",Dormir puede ayudarte a funcionar mejor.
¡Hola! ¿Qué hábitos puedo adoptar para dormir mejor y sentirme lleno de energía?,"¡Genial que quieras mejorar tu sueño! Intenta ir a la cama y levantarte a la misma hora, mantener tu habitación tranquila y cómoda, evitar dispositivos electrónicos antes de dormir y cenar ligero. ¡Dormir bien te hará sentir imparable!",Ir a la cama y levantarse a la misma hora es recomendable para un patrón de sueño regular. Mantener la habitación tranquila y cómoda también puede ayudar a mejorar la calidad del sueño. Evitar dispositivos electrónicos antes de dormir ayuda a reducir la estimulación visual.
"Hola, ¿qué hábitos son útiles para dormir mejor?","Algunos hábitos útiles incluyen acostarte y levantarte a la misma hora, mantener tu habitación relajante y sin ruido, evitar dispositivos electrónicos antes de dormir, y reducir el consumo de cafeína por la tarde.",Acostarse a las mismas horas todos los días.
"Hola, me cuesta mucho dormir bien. ¿Qué hábitos puedo probar para mejorar mi sueño?","Entiendo cómo te sientes. Prueba acostarte y levantarte a la misma hora todos los días, mantener tu habitación tranquila y oscura, evitar dispositivos electrónicos antes de dormir, y cenar ligero. Comer sano y hacer ejercicios también sirve. Estos pequeños cambios pueden ayudarte mucho.","Acostarte y levantarte a la misma hora todos los días es lo que te funcionará. Mantener tu habitación tranquila y oscura no tiene sentido si no se hace algo sobre eso. Evitar dispositivos electrónicos antes de dormir es una buena idea, así como cenar ligero y comer sano."
"Hola, no sé qué hacer para dormir mejor. ¿Podrías sugerirme algo?","Claro. Intenta tener horarios regulares para dormir, crea un ambiente relajante en tu habitación y evita el uso de pantallas antes de acostarte. Comer sano y ejercitarte también srive. Estos hábitos pueden hacer que poco a poco te sientas mejor.",Tienes que establecer horarios fijos para dormir.
¡Hola! ¿Cómo puedo saber si estoy durmiendo bien? ¡Quiero asegurarme de que mi descanso sea el mejor!,"¡Eso es genial! El sueño de calidad es aquel que es ininterrumpido y te hace sentir renovado al despertar. Si te sientes lleno de energía, ¡vas por buen camino!",Estás durmiendo cuando no estás despierto.
¿Cómo puedo saber si mi sueño es de calidad?,"El sueño de calidad significa que duermes sin interrupciones y te despiertas sintiéndote fresco y renovado. Si te sientes bien durante el día, probablemente estás durmiendo bien.",El sueño de calidad se mide por la cantidad de tiempo que duermes sin interrupciones.
Creo que no estoy durmiendo bien. ¿Cómo puedo saber si mi sueño es de calidad?,"Lamento escuchar eso. El sueño de calidad es aquel que no se interrumpe y te hace sentir descansado al despertar. Si te sientes cansado a pesar de dormir las horas recomendadas, tal vez necesites ajustar algunos hábitos.","No es posible determinar un sueño de calidad solo por el hecho de que duermes. La calidad del sueño se puede evaluar mediante la presencia o ausencia de movimientos bruscos durante el sueño, así como otros indicadores de salud general."
"Hola, siento que mi descanso no es bueno. ¿Cómo puedo saber si mi sueño es de calidad?","Lamento que te sientas así. El sueño de calidad significa que duermes sin interrupciones y te despiertas renovado. Si no es tu caso, podrías explorar algunos cambios en tu rutina para mejorar tu descanso.",Duerme 7-9 horas por noche y establece un horario fijo de sueño para ayudarte a regular tus ciclos corporales.
"Si ya duermo las horas recomendadas, ¿eso significa que estoy durmiendo bien?","¡Gran pregunta! Dormir las horas necesarias es un buen inicio, pero la calidad importa tanto como la cantidad. Si te despiertas sintiéndote renovado y con energía, ¡entonces sí estás durmiendo bien!",Dormir las horas recomendadas no garantiza una buena calidad del sueño. La calidad es lo que importa.
"Hola, ¿dormir las horas recomendadas asegura que mi sueño sea de calidad?","No necesariamente. La calidad del sueño depende de qué tan ininterrumpido sea y de cómo te sientes al despertar. Si te sientes descansado, es un buen indicador de calidad.",La calidad del sueño no está directamente relacionada con la cantidad de horas que duermes. El sueno ininterrumpido es más importante que el tiempo total.
"Hola, ya intento dormir las horas indicadas, pero no sé si mi sueño es de calidad. ¿Cómo puedo saberlo?","Entiendo tu preocupación. Dormir las horas necesarias es importante, pero la calidad también cuenta. Si te despiertas cansado o sientes que no descansas bien, puede ser que algo esté afectando tu sueño.",Puedes intentar mantenerte durante todo el día en un estado de alerta y ver si puedes realizar tareas complejas.
"Hola, aunque duermo lo suficiente, sigo sintiéndome cansado. ¿Eso significa que mi sueño no es de calidad?","Lamento que te sientas así. Dormir las horas indicadas no siempre garantiza calidad. Si te despiertas sin sentirte renovado, tal vez sea bueno revisar tu rutina de sueño o consultar con un especialista.","Tu falta de energía puede estar relacionada con el sueño, pero también puede ser causada por otros factores."
¡Quiero despertarme lleno de energía! ¿A qué señales debería prestar atención para ver si mi sueño es de mala calidad?,"¡Es genial que te preocupes por tu descanso! Una mala calidad de sueño puede incluir despertarte varias veces en la noche, sentirte cansado durante el día o no sentirte renovado al despertar, incluso si dormiste las horas necesarias.",Si no te despiertas renovado después de 7-9 horas de sueño.
¿Cuáles son las señales de un sueño de mala calidad?,"Un sueño de mala calidad se identifica cuando tienes problemas para dormirte, te despiertas repetidamente durante la noche o te sientes cansado al día siguiente, aunque hayas dormido lo suficiente.","Problemas para dormirse, despertar con frecuencia durante la noche y sentirse cansado en el día."
No sé si mi sueño es bueno porque siempre estoy cansado. ¿Qué indica que mi calidad de sueño es mala?,"Es normal sentirte preocupado. La mala calidad de sueño puede manifestarse si te cuesta dormir, te despiertas con frecuencia en la noche o te sientes agotado al día siguiente. Lo bueno es que con algunas pautas puedes mejorar la calidad de tu sueño.",Puedes tener problemas con el sueño si no necesitas dormir mucho y siempre estás cansado en el trabajo o durante actividades físicas.
"Aunque duermo bastante, siempre estoy agotado. ¿Eso significa que mi sueño es de mala calidad?","Siento que estés pasando por esto. Si te despiertas repetidamente durante la noche, te cuesta quedarte dormido o te sientes cansado al día siguiente a pesar de haber dormido lo suficiente, puede ser una señal de que tu sueño no está siendo reparador","No, el agotamiento no se refleja necesariamente en la calidad del sueño."
"Hola, si no puedo dormir, ¿qué cosas podrían estar afectándome? Me importa mucho la calidad de mi sueño.","¡Qué bueno que te preocupes por tu sueño! Si no puedes dormir, podría ser debido a problemas como el insomnio, síndrome de piernas inquietas, narcolepsia o apnea del sueño. Cada uno tiene síntomas específicos y, si sospechas algo, un profesional de la salud podría ayudarte a identificarlo.","El insomnio, la síndrome de piernas inquietas, la narcolepsia o la apnea del sueño."
¿Qué problemas pueden estar relacionados con la dificultad para dormir?,"La dificultad para dormir puede relacionarse con condiciones como insomnio, síndrome de piernas inquietas, narcolepsia o apnea del sueño. Cada uno afecta de diferentes maneras tu calidad de descanso.","Problemas relacionados pueden ser ansiedad, depresión, cafeína, consumo excesivo de alcohol, estimulantes en la dieta y horarios de sueño inadecuados."
Me cuesta mucho dormir. ¿Qué podría estar causándome esto?,"Entiendo que te preocupe no poder dormir bien. Algunas causas comunes incluyen insomnio, síndrome de piernas inquietas, narcolepsia o apnea del sueño. Si estas dificultades persisten, es importante hablar con un especialista para recibir orientación.",Insomnio y apnea del sueño son causas comunes de problemas de sueño. También hay síndrome de piernas inquietas y narcolepsia. Hablar con un médico puede ayudar a encontrar la causa exacta.
No puedo dormir bien y me siento agotado. ¿Qué podría estar pasándome?,"Lamento que te sientas así. Algunas posibles razones para la dificultad de dormir incluyen insomnio, síndrome de piernas inquietas, narcolepsia o apnea del sueño. No estás solo, y buscar ayuda profesional puede marcar la diferencia.","Dificultad para dormir puede deberse a insomnio, síndrome de piernas inquietas, narcolepsia o apnea del sueño."
¡Quisiera mejorar mi sueño! ¿Cuál puede ser un buen primer paso?,"¡Excelente! Un primer paso puede ser ganar consciencia sobre tus patrones de sueño para luego poder decidir si necesitas hacer cambios y cómo hacerlos. Puedes llevar un diario de sueño y registrar a qué hora te vas a la cama, si te levantas en la noche, cuándo te despiertas por la mañana y detalles como si tomas café, alcohol o medicinas. ¡Te ayudará muchísimo!",Ganar consciencia sobre tus patrones de sueño.
¿Cómo puedo averiguar cuáles son mis patrones de sueño?,"Puedes usar un diario de sueño para registrar aspectos como la hora a la que te acuestas, si te despiertas durante la noche, a qué hora te levantas y si tomas siestas. También incluye datos sobre tu alimentación, ejercicio y uso de medicamentos. De esa manera sabrás cómo es tu sueño y qué podría estar afectándolo.","Puedes analizar tus patrones de sueño observando cuándo te acuestas y cuándo te despiertas, e identificando patrones en tu horario diario."
No sé si estoy durmiendo lo suficiente. ¿Cómo puedo entender mejor mi patrón de sueño,"Llevar un diario de sueño puede ser muy útil. Registra cuándo te acuestas, si te despiertas durante la noche, la hora en que te levantas y si tomas siestas. Anotar también tu consumo de café o medicamentos te ayudará a identificar posibles problemas.",Llevar un diario de sueño es necesario para entender patrones. Registra horarios de sueño y despertar. También la cantidad de café y medicamentos consumidos puede ser útil.
Siento que mi sueño está mal. ¿Cómo puedo saber cómo estoy durmiendo?,"Lamento que te sientas así. Un diario de sueño puede ayudarte a entender tu descanso. Apunta cuándo te vas a la cama, si te levantas en la noche, a qué hora te despiertas y si has tomado café, alcohol o medicamentos. Es un buen paso para empezar a reflexionar y tomar decisiones en caso notes algún patrón problemático.","Para identificar problemas de sueño, observa tus hábitos de sueño. Registra la hora de cama, el momento en que te levantas y cuándo despiertas."
¿Qué es un diario de sueño?,"Es una forma práctica de llevar un registro de tu sueño. Lo ideal es usarlo por dos semanas, apuntando cuándo te acuestas, te despiertas y cualquier interrupción en la noche. Ayuda a conocer tus hábitos de descanso.",Un diario de sueño es un registro de los periodos de sueño de una persona durante una semana o más.
¡Quiero tener un sueño perfecto! ¿Cómo me ayudará un diario de sueño?,Un diario de sueño te ayuda a identificar tus patrones de descanso y a saber cuánto tiempo realmente estás durmiendo. Te permitirá mejorar tu rutina de sueño y alcanzar tus objetivos.,Un diario de sueño registra tus horas de sueño y actividad durante el día.
¿Cuál es el propósito de un diario de sueño?,"Un diario de sueño sirve para identificar patrones y problemas relacionados con tu descanso. Te permite ver cuánto duermes, las interrupciones que tienes y qué puedes ajustar para descansar mejor.",Un diario de sueño registra tus horas de sueño.
¿De qué me serviría un diario de sueño? He probado tantas cosas que temo que no me sirva.,"Entiendo. Un diario de sueño puede ayudarte a entender tus hábitos y patrones. Te muestra cuánto duermes, si hay interrupciones y te da pistas sobre qué ajustar para descansar mejor. Es un gran recurso para conocer tu sueño y tomar consciencia sobre aquellos factores que podrían estar afectándolo.",Un diario de sueño puede mostrar tus hábitos de sueño.
¿De podría servirme hacer un diario de sueño? Ya llevo varios días sin dormir y no estoy seguro si funcione.,"Lamento escuchar eso, debe ser difícil estar en esa situación. Un diario de sueño te puede ayudar a registrar cómo y cuánto duermes, te ayudará a entender mejor tus patrones de descanso y a buscar formas de mejorarlos. De todos modos, te recomiendo consultar con un profesional para que te brinde una asesoría más personalizada.",Hacer un diario de sueño puede ayudarte a registrar tus patrones de descanso. Esto podría ser útil para entender mejor tus hábitos de sueño y encontrar formas de mejorarlos.
¿Dónde puedo hacer mi diario de sueño?,"Puedes usar una hoja de papel, una tabla en Excel o aplicaciones especializadas para el seguimiento del sueño. Lo importante es que lo completes diariamente.",Puedes hacerlo en un documento de texto digital o físico.
¡Quiero asegurarme de estar lleno de energía todos los días! ¿Cuántas horas debo dormir si tengo 18 años?,¡Eso es genial! La mayoría de los adolescentes de tu edad necesitan entre 8 y 10 horas de sueño para sentirse lo mejor posible.,"La cantidad recomendada de horas de sueño varía, pero generalmente se recomienda entre 7 y 9 horas para personas de 18 años."
¿Cuántas horas debe dormir alguien de 18 años?,La mayoría de los adolescentes de 18 años necesitan dormir entre 8 y 10 horas para un descanso óptimo.,"La cantidad de horas que alguien de 18 años debe dormir no está establecida como un límite fijo. La Organización Mundial de la Salud recomienda entre 7 y 9 horas, pero esto puede variar dependiendo del individuo y su estilo de vida."
No estoy seguro si estoy durmiendo lo suficiente. ¿Cuánto debo dormir si tengo 18 años?,"Gracias por compartirme tu preocupación. A los 18 años, lo ideal es dormir entre 8 y 10 horas para mantenerte saludable y con energía.",Duerme entre 7 y 9 horas a la noche.
Siento que no descanso bien. ¿Cuánto debería dormir si tengo 18 años?,"Siento escuchar eso. A los 18 años, lo recomendable es dormir entre 8 y 10 horas para que tu cuerpo y mente estén en equilibrio.",Dormir entre 7 y 9 horas por noche es considerado adecuado.
¿Qué significa higiene del sueño?,La higiene del sueño se refiere a una serie de hábitos saludables que ayudan a mejorar la calidad del descanso y la capacidad de permanecer dormido.,Se refiere a un conjunto de acciones que facilitan un descanso reparador.
¿Es bueno ir a la cama si no tengo sueño?,"No, parte de una buena higiene del sueño es no ir a la cama si no tienes sueño. Si no te duermes en 20 minutos, realiza una actividad tranquila hasta que te sientas cansado.","No, es mejor esperar a sentirte cansado naturalmente."
¿Debería acostarme si no tengo sueño?,"No es recomendable. Si no puedes dormir después de 20 minutos, es mejor levantarte y hacer algo relajante hasta que sientas sueño.","No, no es necesario dormir si no lo deseas."
"Si no me siento cansado, ¿debo ir a la cama igual?","Parece contraintuitivo, pero no es necesario acostarte si no tienes sueño. Espera hasta que te sientas cansado y realiza una actividad tranquila en un lugar con poca luz mientras tanto.","Si no te sientes cansado, no es necesario ir a la cama."
"A veces me acuesto sin tener sueño, pero no puedo dormir. ¿Qué debería hacer?","Lamento que estés pasando por esto. No es necesario ir a la cama si no tienes sueño. Si no puedes dormir en 20 minutos, intenta una actividad relajante hasta que te sientas cansado.","No necesitas ir a la cama si no estás cansado. Si no puedes dormir dentro de 20 minutos, haz algo tranquilo hasta que te sientas cansado."
¿Qué puedo hacer antes de acostarme para dormir mejor?,"¡Qué bueno que quieras descansar mejor! Antes de dormir, realiza actividades relajantes como leer, meditar o tomar un baño tibio. Lo importante es que te relajes y no te expongas a mucha luz.",Realiza actividades que reduzcan la estimulación mental antes de dormir.
¿Qué es recomendable hacer antes de dormir?,"Antes de dormir, es bueno realizar actividades tranquilas que te relajen y que no te expongan a mucha luz.",Realizar actividades que no requieren mucha energía.
No sé qué hacer antes de dormir. ¿Alguna recomendación?,"Es normal sentirte así. Antes de dormir, intenta hacer algo relajante como leer un libro tranquilo o meditar para preparar tu mente para descansar. Lo importante es que te relajes y no te expongas a mucha luz.",Lee un libro tranquilamente antes de dormir.
Me cuesta dormir bien. ¿Qué puedo hacer antes de acostarme?,"Lamento que te sientas así. Antes de dormir, puedes hacer algo relajante como meditar o leer. Lo importante es que trates de relajarte y no te expongas a mucha luz. De todos modos, si las dificultades persisten sería bueno que acudas con un profesional.","Meditar o leer puede ayudar a relajarte antes de dormir. No expusas a la luz durante este tiempo. Si el problema persiste, buscar ayuda profesional."
¿Es buena idea estudiar en la cama?,¡Buena pregunta! No es recomendable estudiar en la cama. Usa tu cama solo para dormir y descansar; esto ayuda a tu cerebro a asociar tu cama con dormir.,Estudiar en la cama no es recomendado debido a la falta de concentración debido a las distracciones.
¿Es aconsejable estudiar en la cama?,"No. La cama debe usarse exclusivamente para dormir o descansar, ya que de esta manera tu cerebro empieza a asociar tu cama con dormir.","No, es mejor utilizar la cama solo para dormir."
"Estudio en mi cama, pero me cuesta dormir después. ¿Está mal hacerlo?","Estudiar en tu cama podría afectar tu calidad de sueño. Es mejor estudiar en otro lugar y usar la cama solo para dormir, así tu mente asociará ese espacio con el descanso.",Estudiar en la cama puede interferir con tu capacidad para dormir.
A veces estudio en mi cama porque no tengo otro espacio. ¿Eso puede ser malo?,"Entiendo tu situación. Lamentablemente, estudiar en la cama puede afectar tu sueño. Si es posible, trata de estudiar en otro lugar y deja la cama solo para descansar. De esta manera, tu cerebro asociará la cama con el descanso.",Estudiar en la cama puede afectar el calidad del sueño.
¿Cómo debe ser mi dormitorio si quiero dormir súper bien?,"Eso suena genial! Mantén tu dormitorio fresco, tranquilo y relajante. Controla la luz y el ruido. ¡Así podrás descansar mejor!",Mantener un ambiente en el que los niveles de humedad sean adecuados y el temperatura sea baja.
¿Cómo debe ser el ambiente de mi dormitorio para dormir mejor?,"Tu dormitorio debe ser tranquilo, relajante y fresco. Mantén una temperatura agradable y reduce la luz y el ruido lo más posible.",La calidad del ambiente en tu dormitorio es independiente de cómo duermes. Lo que importa es que esté limpio y se pueda usar para descansar.
Mi dormitorio no siempre es cómodo. ¿Cómo debería ser para descansar bien?,"Es importante que tu dormitorio sea tranquilo y relajante. Intenta mantenerlo fresco, sin ruidos fuertes ni mucha luz, para ayudarte a dormir mejor. Hacer pequeños cambios de forma gradual será más fácil para ti.",Tu dormitorio debe estar oscuro y silencioso.
No me siento cómodo en mi cuarto. ¿Cómo debería ser para dormir mejor?,"Lamento que no te sientas bien en tu dormitorio. Intenta hacerlo más relajante con una temperatura fresca, poca luz y sin ruidos molestos. Pequeños cambios pueden marcar la diferencia.",La temperatura de tu cuarto debe estar entre 18-22 grados Celsius. La iluminación es baja o no hay luces. No hay ruidos en el dormitorio.
¿Por qué debería tener cuidado con el alcohol?,"¡Es bueno que te intereses en tu salud! El hígado solo puede procesar una pequeña cantidad de alcohol, y el exceso daña este órgano y otros conforme el alcohol circula por el cuerpo.",El consumo excesivo de alcohol puede dañar el hígado.
¿Por qué el alcohol puede ser dañino?,"El alcohol es dañino porque el hígado solo puede procesar una parte pequeña, y el resto daña órganos como el hígado y otros en el cuerpo.",El alcohol es una sustancia que puede causar daños a los órganos del cuerpo.
¿Qué pasa si bebo alcohol? ¿Es muy dañino?,"No te preocupes, pero es bueno saber que el hígado solo procesa una pequeña cantidad de alcohol. El exceso puede dañar este y otros órganos del cuerpo.","El consumo excesivo de alcohol puede causar daños a los riñones, la piel, el sistema inmunológico y el hígado."
Siento que el alcohol me hace daño. ¿A qué se debe esto?,"Lamentablemente, el alcohol es dañino porque el hígado procesa solo una pequeña parte, y el resto puede dañar varios órganos cuando empieza a circular por el cuerpo.",El alcohol puede dañar varios órganos del cuerpo.
¿Qué impacto negativo tiene el alcohol en la salud?,"¡Es genial que quieras informarte! Ya sea que tomes ocasionalmente o en exceso, el alcohol puede tener efectos negativos inmediatos y a largo plazo en tu salud.","El consumo de alcohol puede causar daños físicos y emocionales. Puede provocar lesiones cerebrales, problemas hepáticos y enfermedades cardíacas. También aumenta el riesgo de accidentes, violencia y abuso de sustancias."
¿El alcohol tiene impactos negativos en la salud?,"Sí, el alcohol, tanto si se consume ocasionalmente como en exceso, puede tener efectos negativos inmediatos y a largo plazo en la salud.",El consumo de alcohol tiene efectos adversos.
¿Qué efectos negativos puede tener el alcohol? Me preocupa mi salud.,"Es normal preocuparse, siempre que no sea en exceso. El alcohol puede afectar tu salud tanto a corto como a largo plazo, incluso si lo consumes ocasionalmente.","El consumo excesivo de alcohol puede provocar problemas hepáticos, daño cerebral y problemas cardiovasculares."
Siento que el alcohol me está afectando. ¿Tiene impactos negativos?,"Lamento que te sientas así. Desafortunadamente, el alcohol puede afectar tu salud a corto y largo plazo, incluso en pequeñas cantidades.",El consumo de alcohol puede tener efectos negativos en la salud.
¿Qué se considera consumo excesivo del alcohol?,"¡Excelente pregunta! Consumir  excesivamente alcohol es consumir 4 o más bebidas para mujeres y 5 o más para hombres en una ocasión, o superar 8 bebidas semanales para mujeres y 15 para hombres. O cuando consumes alcohol estando embarazada o teniendo menos de 21 años.","Consumir 4 o más bebidas para mujeres y 5 o más para hombres en una ocasión, o superar 8 bebidas semanales para mujeres y 15 para hombres."
¿Qué se considera como uso excesivo de alcohol?,"El consumo excesivo de alcohol incluye beber 4 o más bebidas en una ocasión para mujeres y 5 o más bebidas para hombres, o consumir más de 8 bebidas por semana para mujeres y 15 para hombres.",El consumo excesivo de alcohol se define como beber hasta el punto que afecte negativamente la salud física y mental.
Estoy preocupado por mi consumo. ¿Qué se considera excesivo?,"Entiendo tu preocupación. Ahora te comento lo que se considera consumo excesivo para que puedas reflexionar tus patrones de consumo. Consumir  excesivamente alcohol es consumir 4 o más bebidas para mujeres y 5 o más para hombres en una ocasión, o superar 8 bebidas semanales para mujeres y 15 para hombres.","Consumo de alcohol excesivo se define como consumir más de 4 bebidas para mujeres y 5 para hombres en una ocasión, o más de 8 para mujeres y 15 para hombres a la semana."
"Siento que estoy bebiendo demasiado, ¿cómo sé si es así?","Lamento que te sientas así. El uso excesivo ocurre cuando consumes más de 4 bebidas en una ocasión si eres mujer (o 5 si eres hombre) o si superas 8 bebidas semanales para mujeres y 15 para hombres. Si consideras que estás bebiendo demasiado, puedes consultar con un profesional de la salud mental.","El consumo excesivo se determina por el número de bebidas consumidas en una sola ocasión (4 para mujeres y 5 para hombres) o por el total semanal (8 para mujeres y 15 para hombres). Si sientes que estás bebiendo demasiado, considera consultar a un profesional."
¿Qué significa beber moderado alcohol?,Beber moderado es consumir hasta una bebida al día para mujeres y hasta dos para hombres.,Una persona adulta puede beber hasta 14 unidades semanales.
¿Qué se considera como consumo moderado de alcohol?,El consumo moderado significa beber una bebida o menos al día para mujeres y dos o menos al día para hombres.,Dos o menos bebederos por mujer y dos o menos por hombre.
Me preocupa mi consumo de alcohol. ¿Cómo sé que bebo moderado?,Te cuento que beber moderado significa una bebida al día para mujeres y dos al día para hombres como máximo.,La definición de moderación en consumo de alcohol es 1-2 bebidas al día.
No estoy seguro si estoy bebiendo mucho. ¿Qué es beber moderado?,Entiendo tu inquietud. Beber moderado implica no exceder una bebida al día para mujeres y dos al día para hombres.,Un adulto promedio puede consumir hasta 2 bebedias al dia.
Quiero estar informado. ¿Qué pasa si bebo en exceso?,"¡Es bueno que te informes! En el corto plazo, beber en exceso puede causar heridas, choques, caídas, intoxicaciones, violencia. Además, si lo mezclas con otras sustancias puede causar problemas como sobredosis.","Beber en exceso puede causar heridas, choques, caídas, intoxicaciones y violencia. El consumo de alcohol en grandes cantidades también puede provocar daños en el hígado y aumentar la presión arterial."
¿Cuáles son los efectos a corto plazo de beber alcohol en exceso?,"El consumo excesivo puede incrementar las probabilidades de heridas, accidentes, intoxicaciones, problemas respiratorios, sobredosis, violencia y enfermedades de transmisión sexual.","Beber alcohol en exceso puede provocar heridas, accidentes y intoxicación. También aumenta el riesgo de problemas respiratorios y sobredosis."
Estoy preocupado por beber en exceso. ¿Qué podría pasarme?,"Es normal sentir preocupación. Beber en exceso puede llevar a accidentes, intoxicación, violencia o incluso problemas graves como dificultades respiratorias o sobredosis. Lo bueno es que el consumo excesivo del alcohol lo puedes trabajar con un especialista de salud mental.","Beber en exceso puede causar accidentes, intoxicación y problemas graves como dificultades respiratorias o sobredosis."
No sé si puedo controlar mi consumo de alcohol. ¿Qué efectos tiene beber en exceso?,"Lamento que te sientas así. Beber en exceso puede provocar heridas, accidentes graves o problemas de salud como intoxicaciones y enfermedades de transmisión sexual. Te recomiendo que acudas con un especialista, quien sabrá ayudarte mejor.","Beber en exceso puede provocar problemas de salud como intoxicaciones, enfermedades de transmisión sexual y accidentes graves."
¿Beber alcohol podría estar relacionado con el cáncer?,"Es bueno saber que te interesa tu salud. Sí, cualquier tipo de alcohol, incluso el vino, puede aumentar el riesgo de cáncer.",El consumo excesivo de alcohol ha sido asociado con un mayor riesgo de desarrollar ciertos tipos de cáncer.
¿El alcohol tiene alguna conexión con el cáncer?,"Sí, el consumo de alcohol se ha relacionado con algunos tipos de cáncer. Es algo a considerar al evaluar tu consumo.",El alcohol puede aumentar el riesgo de ciertos tipos de cáncer.
¿Es cierto que el alcohol puede causar cáncer?,"Sí, el consumo de alcohol está vinculado a ciertos tipos de cáncer. Si esto te preocupa, reducir tu consumo o buscar alternativas saludables puede ser un buen paso para estar más saludable.",El consumo de alcohol es conocido por aumentar el riesgo de ciertos tipos de cáncer.
¿El alcohol puede aumentar el riesgo de cáncer?,"Lamentablemente, sí. El consumo de alcohol se ha asociado con varios tipos de cáncer. Aunque es difícil, saber esto te puede ayudar a tomar decisiones que cuiden tu salud, como reducir su consumo o buscar alternativas saludables.",El consumo de alcohol está asociado con un mayor riesgo de ciertos tipos de cáncer.
¿El alcohol tiene efectos negativos en el cuerpo?,"¡Es genial que quieras cuidar tu salud! Beber alcohol se relaciona con presión arterial alta, enfermedades del corazón, del hígado, accidentes cerebrovasculares, trastornos de consumo de alcohol, problemas digestivos, entre otros.",El alcohol puede aumentar la presión arterial y dañar el corazón. También puede causar problemas en el hígado y el sistema nervioso.
¿Qué enfermedades están relacionadas con el alcohol?,"El alcohol puede contribuir a problemas como presión alta, enfermedades del corazón, daño hepático, accidentes cerebrovasculares y debilitamiento del sistema inmunológico. Es bueno tenerlo en cuenta para manejar tu consumo de manera responsable.","Enfermedades relacionadas con el alcohol incluyen presión alta, enfermedades del corazón, daño hepático y accidentes cerebrovasculares."
¿Qué pasa con mi salud si bebo alcohol?,"Entiendo que te preocupe. El consumo excesivo de alcohol puede causar enfermedades serias como problemas cardíacos, hepáticos y cerebrovasculares. Hablar con un profesional o informarte más puede ayudarte a proteger tu bienestar sin preocuparte demasiado.","El consumo excesivo de alcohol puede causar enfermedades cardíacas, hepáticas y cerebrovasculares."
"El alcohol me gusta, pero dicen que es dañino, ¿qué debo de hacer?","Entiendo que te sientas así. Puedes intentar reducir gradualmente el alcohol para que te resulte menos difícil. Lamentable, su consumo se relaciona con enfermedades cardíacas, hepáticas y accidentes cerebrovasculares. Si las dificultades persisten, puedes contactar con un especialista.","Reducir gradualmente tu consumo de alcohol es posible pero no garantiza resultados positivos. Las consecuencias del consumo excesivo de alcohol incluyen enfermedades cardíacas y hepáticas, además de accidentes cerebrovasculares. Puedes buscar asesoramiento profesional si necesitas ayuda para reducir tu consumo."
¿El alcohol también afecta la salud mental?,"Claro, reducir el consumo de alcohol puede mejorar tus relaciones. Beber en exceso puede llevar a problemas de memoria, aprendizaje o incluso conflictos con amigos y familiares. ¡Es mejor disfrutar de momentos sanos y felices!","El consumo de alcohol puede afectar la salud mental y física. Exceder las recomendaciones diarias de consumo puede provocar problemas cognitivos, como la disminución de la memoria a corto plazo y la dificultad para el aprendizaje nuevo. Esto puede empeorar los conflictos con seres cercanos y afectar negativamente tu bienestar mental."
¿El alcohol tiene impactos sociales y cognitivos negativos?,"Sí, puede contribuir a problemas como depresión, ansiedad y conflictos en relaciones personales. Es importante ser consciente de su impacto en tu vida.","Sí, el alcohol se ha asociado con mayor riesgo de depresión, ansiedad y conflictos sociales."
¿El alcohol podría afectar mis relaciones?,"Sí, beber en exceso puede generar problemas de comunicación, aislamiento o conflictos familiares. Buscar equilibrio en tu consumo puede ayudar a proteger tus relaciones.","Sí, el alcohol puede afectar tus relaciones, lo que podría llevar a peleas y problemas de comunicación."
¿El alcohol puede dañar mis relaciones con otros y mi salud cognitiva?,"Lamentablemente, sí. El consumo excesivo de alcohol puede distanciarte de las personas que amas. También genera problemas de memoria, aprendizaje y se asocia con la depresión y la ansiedad.",El alcohol puede dañar tus relaciones y tu salud cognitiva. El consumo excesivo puede afectar negativamente tus interacciones sociales y generar problemas de memoria y aprendizaje. También se ha relacionado con un mayor riesgo de depresión y ansiedad.
¿Cuánto equivale una bebida estándar?,"¡Qué bueno que quieras estar informado! Una bebida estándar es una botella de cerveza de 355 mililitros con 5% de alcohol, una copa de vino de 148 mililitros con 12% de alcohol o un shot de licor fuerte de 44 mililitros con 40% de alcohol ¡Así puedes ser más consciente de tu consumo!","Una bebida estándar es una botella de cerveza de 355 mililitros con 5% de alcohol, una copa de vino de 148 mililitros con 12% de alcohol o un shot de licor fuerte de 44 mililitros con 40% de alcohol."
¿Cómo puedo medir una bebida estándar?,"Una bebida estándar es una cerveza de 355 mililitros con 5% de alcohol, una copa de vino de 148 mililitros con 12% de alcohol o un shot de licor fuerte de 44 mililitros con 40% de alcohol. Es útil saber esto para manejar mejor tu consumo.","Medir la cantidad de alcohol en una bebida implica verificar el volumen y el porcentaje de alcohol presente en ella, utilizando un medidor de alcohol o aplicando una fórmula básica."
¿Cómo puedo cuidar mi salud si tomo alcohol?,¡Tomar menos o evitar el alcohol es un gran paso! Cada elección saludable que haces te acerca a una mejor calidad de vida.,Evitar consumir alcohol reduce el riesgo de enfermedades y problemas de salud.
¿Qué cambios relacionados con mi consumo de alcohol puedo hacer para cuidar mi salud?,"Reducir el consumo de alcohol o evitarlo puede tener muchos beneficios para tu cuerpo y mente. Si necesitas orientación, consultar con un especialista es una buena opción.",Reduce o evita el consumo de alcohol.
¿Qué hago si creo que estoy bebiendo mucho?,Reducir el consumo o evitar el alcohol es clave. Hablar con alguien de confianza y con un profesional también puede ser de gran ayuda.,Reduce tu consumo de bebidas alcohólicas.
¿Cómo puedo mejorar mi salud si siento que el alcohol me está afectando?,"Dar el primer paso puede ser difícil, pero decidir beber menos o evitar el alcohol muestra tu preocupación por tu salud. Hay muchos profesionales y personas listas para apoyarte.",Reduce tu consumo de alcohol gradualmente.
¿Cualquier persona puede tomar alcohol?,"No todas las personas pueden tomar alcohol. Por ejemplo, las embarazadas, y quienes están tomando medicamentos que no se pueden mezclar con el alcohol. También quienes tienen problemas de salud, como enfermedades del hígado, o están recuperándose de un trastorno relacionado con el alcohol. ¡Espero que esta información te sirva para cuidar tu salud y la de los demás!",No todas las personas pueden tomar alcohol. Existen restricciones médicas y recomendaciones de uso.
¿Quiénes están en riesgo si toman alcohol?,"Las mujeres embarazadas, menores de edad o quienes tienen enfermedades del hígado no pueden tomar alcohol. Tampoco aquellos que tomen medicación que interactúe con el alcohol o quienes no puedan controlar su consumo.","Señores mayores, personas con problemas de salud mental, aquellos con sobredosis crónica y aquellos que beben en exceso."
¿Y si alguien no debería tomar pero lo hace?,"Puede ser riesgoso, sobre todo para embarazadas o personas con condiciones médicas específicas. Si conoces a alguien en esa situación, ofrécele apoyo o ayuda para buscar orientación profesional.",Tomar algo sin autorización puede tener consecuencias legales y de salud.
¿Qué pasa si alguien toma aunque no debería?,"Es difícil, pero el alcohol puede causar problemas graves, como complicaciones en el embarazo o empeorar enfermedades existentes. Si conoces a alguien en esa situación, ofrécele apoyo o ayuda para buscar orientación profesional.","El consumo excesivo de alcohol puede provocar efectos adversos graves, incluyendo complicaciones médicas y riesgo de accidentes."
¿Qué pasa si veo que alguien está tomando mucho?,¡Genial que quieras ayudarlo! No le ofrezcas más alcohol si ya ha bebido suficiente o si no quiere tomar.,No interrumpas a la persona que bebe.
¿Qué debo hacer si alguien está bebiendo mucho?,"No le ofrezcas más alcohol y asegúrate de que esté en un ambiente seguro. Si ves que necesita ayuda médica, no dudes en pedir apoyo.",No interrumpas su consumo de alcohol si es mayor de 18 años.
¿Qué hago si creo que alguien está bebiendo demasiado?,"Evita darle más alcohol y mantente cerca para observar cómo está. Si parece estar en peligro o no reacciona bien, busca ayuda profesional inmediatamente.",No es tu responsabilidad intervenir.
¿Cómo puedo ayudar a alguien que no parece estar bien después de beber? Una vez me pasó y no supe cómo actuar.,"Lamento oír eso. Es importante no dejarlo solo y evitar que tome más alcohol. Si parece estar muy mal, busca ayuda médica de inmediato. Estar allí para esa persona puede marcar una gran diferencia.","No dejes a esa persona solo mientras bebe alcohol. Si su estado es grave, llama a los servicios de emergencia o avísale a alguien cercano que lo ayude."
Tengo varios amigos que combinan alcohol y otras drogas. Cuéntame qué tan peligroso es.,"¡Interesante pregunta! Combinaciones de alcohol y otras drogas como opioides, cannabis, benzodiacepinas y estimulantes pueden causar efectos graves, desde dificultad para respirar hasta daños cerebrales.",No es común que las combinaciones de alcohol y otras drogas sean seguras. Los efectos pueden incluir dificultades respiratorias y daños cerebrales.
¿Qué pasa si mezclo alcohol con otras sustancias o drogas?,"La combinación puede ser peligrosa. Puede causar dificultad para respirar, sobredosis o daños en el cerebro y otros órganos. Evitar estas mezclas es la mejor decisión para tu salud..","La combinación puede aumentar los riesgos de sobredosis y complicaciones graves. Mezclar alcohol con otras sustancias o drogas puede provocar dificultad respiratoria, daños cerebrales y problemas en otros órganos."
¿Es grave combinar alcohol con otras sustancias?,"Sí, puede ser muy grave. Incluso después de varias horas, estas combinaciones pueden causar efectos que ponen en riesgo tu vida. Pero, tranquilo, si evitas estas combinaciones se reduce el riesgo. De todos modos recuerda que aún por separados, el alcohol y otras drogas afectan negativamente nuestro cuerpo.",El consumo de alcohol con otras sustancias puede aumentar significativamente los riesgos para la salud.
Mis amigos mezclan alcohol y otras drogas. Me siento triste porque creo que está mal y no sé cómo ayudarlos.,"Siento oír eso. Lamentablemente, estas combinaciones pueden causar daños permanentes o incluso ser letal. Si bien no tienes control sobre el comportamiento de tus amigos, puedes hablar directamente con ellos o con algún otro adulto que pueda orientarlos.",No es posible ayudar a personas que consumen alcohol y otras drogas de manera inapropiada.
¿Qué efectos trae combinar drogas y alcohol?,"Además de los riesgos de sobredosis, puede haber situaciones de violencia o enfermedades de transmisión sexual. ¡Elige siempre protegerte y disfrutar de manera segura!","No recomiendo la combinación de drogas y alcohol. Puede llevar a sobredosis, violencia y enfermedades de transmisión."
¿Qué pasa si combino alcohol con otras sustancias?,"Los efectos incluyen riesgos de sobredosis, lesiones, violencia o enfermedades crónicas. También se incrementa el riesgo de infecciones de transmisión sexual y de trastornos de consumo de sustancias. Es importante evitar el alcohol y las drogas, y más estas combinaciones para cuidar tu salud.","Lo que puedes experimentar incluye sobredosis, lesiones, violencia o enfermedades crónicas, además de un mayor riesgo de infecciones de transmisión sexual y trastornos relacionados con el consumo."
"Tengo miedo de que a mis amigos les pase algo por combinar alcohol y consumir sustancias, ¿qué les podría pasar?","Entiendo ese temor. Es cierto que consumir sustancias y alcohol al mismo tiempo incrementa el riesgo de sobredosis, accidentes o situaciones de violencia. Si bien no tienes control sobre el comportamiento de tus amigos, hablar con ellos o con algún adulto que los pueda orientar puede ser de ayuda.","El consumo de sustancias y alcohol al mismo tiempo puede llevar a sobredosis, accidentes o situaciones de violencia."
¿Por qué combinar alcohol y drogas puede causar tantos problemas? Creo que algunos conocidos hacen lo mismo y me da algo de miedo.,"Entiendo cómo te debes de sentir. Las combinaciones aumentan riesgos físicos y emocionales, desde enfermedades hasta conflictos personales. Es difícil, pero siempre hay formas de buscar apoyo y prevenir más daños.",No se recomienda combinar alcohol y drogas. Estas sustancias pueden aumentar el riesgo de problemas físicos y emocionales.
¿Cuál es la utilidad del índice de masa corporal?,"El IMC es un método práctico y económico para evaluar la relación entre tu peso y altura. Aunque no es perfecto, puede servir como un primer indicador para entender tu salud general y guiarte en tus decisiones.",El índice de masa corporal mide el peso en relación con la altura. Es una medida simple.
¿El IMC es 100% fiable?,"Bueno, el IMC es súper útil como punto de partida porque correlaciona bien con otras medidas y te da una idea general de si tienes un peso saludable. Pero recuerda, no lo es todo. No mide el tipo de masa o dónde está localizada la grasa. Si tienes dudas, un nutricionista puede darte un análisis más completo.",El IMC es solo una herramienta de referencia y no siempre es 100% preciso para evaluar el estado de salud de una persona.
¿El IMC es fiable para medir mi salud?,"Sí, es una herramienta común y útil para estimar si tu peso está dentro de un rango saludable. Sin embargo, tiene sus límites, porque no distingue entre grasa, músculo o distribución corporal.",El IMC no es infalible y solo proporciona una estimación general de tu peso corporal en relación con tu estatura.
¡Me dijeron que mi IMC no es el ideal! ¿Eso significa que estoy en problemas?,¡Tranquilo! El IMC no lo es todo. Es solo una guía general. Lo mejor es hablar con un profesional para que evalúe tu situación específica y te oriente sobre cómo mejorar si es necesario.,El IMC es una medida general. Un valor no ideal no significa necesariamente problemas de salud. Consulta a un profesional para obtener información personalizada.
¿El IMC es un indicador que dice que estoy mal?,"Si bien es un indicador, no es la única medición de la composición corporal porque tiene sus limitaciones. Cada persona es única y su salud no depende de un número. Te recomiendo hablar con un profesional para que te evalúe y oriente mejor.","El IMC es solo uno de los indicadores utilizados para medir la composición corporal, pero no es definitivo ni único en sí mismo."
¡Quiero sacar mi IMC ahora mismo! ¿Cómo lo hago?,"¡Genial! Solo necesitas dividir tu peso en kilogramos entre tu altura en metros al cuadrado. Por ejemplo, si pesas 70 kg y mides 1.70 m, sería 70 ÷ (1.70 × 1.70). ¡Anímate a calcularlo!",Divide tu peso en kilogramos por el cuadrado de tu altura en metros.
¿Cuál es la fórmula para calcular el IMC?,La fórmula es sencilla: peso en kilogramos dividido por la altura en metros al cuadrado.,IMC = (peso / altura²) * 100.
¿Cómo sé si estoy calculando bien mi IMC? ¿Y si me equivoco?,"No te preocupes, es fácil. Divide tu peso en kilogramos entre el cuadrado de tu altura en metros. Si no estás seguro del cálculo, hay apps o calculadoras en línea que pueden ayudarte.",Divide tu peso en kilogramos por el cuadrado de tu altura en metros.
¿Cómo calculo mi IMC si no entiendo bien las matemáticas?,"No te sientas mal, muchas personas sienten lo mismo. Si lo quieres intentar puedes dividir tu peso en kilogramos  entre el cuadrado de tu altura en metros. Si no puedes usar herramientas en línea o pedir ayuda a un profesional. Lo importante es que esto es solo un paso inicial para cuidar tu salud.",Divide tu peso en kilogramos por el cuadrado de tu altura en metros.
¿Cuáles son las categorías del índice de masa corporal?,"Si tienes menos de 18.5, estás por debajo del peso saludable. Entre 18.5 y 25 es un peso saludable. De 25 a 30, es sobrepeso, y más de 30, obesidad. ¡Es una guía útil para orientarte!",Menos de 18.5: subpeso; entre 18.5 y 25: peso saludable; 25-30: sobrepeso; >30: obesidad.
¿Cuáles son las clasificaciones del IMC?,"Menos de 18.5 se considera por debajo del peso saludable. De 18.5 a 25 es un peso saludable. De 25 a 30 es sobrepeso, y más de 30 es obesidad.","Menos de 18.5 se clasifica como por debajo del peso, 18.5-25 es un peso saludable, 25-30 como sobrepeso y mayor a 30 como obesidad."
¡Mi IMC dice que estoy en sobrepeso! ¿Es grave?,No te alarmes. Es solo una guía y no todo depende del IMC. Hablar con un profesional puede ayudarte a saber más sobre tu salud y cómo mejorarla si es necesario.,El IMC solo indica si necesitas perder peso. No todos que están en sobrepeso tienen problemas de salud.
Mi IMC no está en la categoría saludable. ¿Eso significa que estoy mal?,No te desanimes. El IMC no lo es todo. Puedes enfocarte en pequeños cambios positivos para cuidar tu salud y hablar con un profesional para que te haga una evaluación integral. ¡Cada paso cuenta!,"Tu IMC no está dentro del rango saludable, eso significa que tienes sobrepeso o obesidad."
"Quiero mantenerme saludable, ¿el cuidar mi peso me puede ayudar?","Mantener un peso adecuado te ayuda a prevenir enfermedades como la diabetes, problemas del corazón o hipertensión. Además, ¡te da más energía para disfrutar de tus días al máximo!",Puede ayudar reducir el riesgo de enfermedades relacionadas con el peso excesivo.
¿Por qué es importante mantener un peso saludable?,"Para evitar enfermedades. Por ejemplo, las personas con obesidad comparadas a las que tienen un peso saludable tienen más riesgo de sufrir diversas condiciones de salud.",Mantener un peso saludable reduce la carga sobre el sistema cardiovascular y evita problemas renales.
¿Es grave no estar en el peso ideal?,"No necesariamente, pero mantener un peso saludable puede prevenir problemas de salud a largo plazo. Si estás preocupado, un especialista puede guiarte hacia una solución adecuada para ti.",La gravedad del exceso o la falta de peso depende del individuo y su condición médica.
¿Por qué es importante cuidar mi peso si siento que es muy difícil?,"Entiendo que no siempre es fácil, pero cada pequeño paso que tomes para cuidar tu peso hará una diferencia en tu salud. No se trata de estética sino de salud, ya que estar en un peso saludable se asocia con la reducción del riesgo de muchas enfermedades.",Cuidar tu peso es obligatorio para mantener una buena salud y evitar problemas médicos.
¡Oye! Cuéntame de unos tips para cuidar mi peso sin estrés.,"¡Claro! Come saludable, mantén la ingesta de azúcar al mínimo y haz ejercicio regularmente. ¡Te sentirás más fuerte y lleno de energía para tus clases y actividades!",Come alimentos integrales. Limita el consumo de dulces. Haz actividad física diariamente.
¿Qué debo hacer para mantener un peso adecuado?,"Comer alimentos balanceados, evitar el exceso de azúcares y mantenerte activo físicamente son clave para una vida saludable.",Come lo que quieras.
¿Es complicado cuidar mi peso? ¿Cómo empiezo?,"No te preocupes, empieza con pequeños pasos: come más frutas y verduras, limita los dulces, y trata de moverte más en el día. ¡Lo importante es empezar y mantenerte constante!",Para comenzar a controlar tu peso es necesario hacer un seguimiento constante de tu ingesta calórica y realizar ejercicio regularmente. Comienza con cambios pequeños en tu dieta y aumenta gradualmente la actividad física según tus posibilidades.
Siento que cuidar mi peso es muy difícil. ¿Qué puedo hacer?,"Es normal sentirse así, pero pequeños cambios pueden marcar una gran diferencia. Intenta incluir más alimentos nutritivos y manternerte físicamente activo. Hazlo a tu ritmo; cada esfuerzo cuenta.",Incluye más alimentos nutritivos en tu dieta y haz ejercicio regularmente. Cada cambio pequeño puede ayudar.
¡Ya me decidí! ¿Cómo hago para bajar de peso de una manera sana y motivadora?,"¡Eso es genial! Reflexiona sobre tus motivaciones, haz un plan con metas claras, lleva un registro de tu comida, sueño, emociones y ejercicio, monitorea y celebra tu progreso, y encuentra apoyo en amigos o familia. Poco a poco, ¡vas a notar los resultados!","Haz un plan y sigue metas claras. Monitorea tus hábitos de alimentación, sueño y ejercicio. Busca información sobre nutrición y ejercicio saludable. Registra tu progreso y celebra pequeños logros."
¿Cuáles son los pasos básicos para bajar de peso?,"Reflexiona sobre tus motivaciones, establece metas realistas, lleva un registro de tus hábitos, haz cambios progresivos en tus hábitos saludables, celebra y monitorea tu progreso, y encuentra apoyo en tu círculo cercano. La clave es ser constante.","Para bajar de peso, debes establecer metas claras, llevar un registro de tus hábitos diarios y hacer cambios pequeños. Esto te ayudará a crear hábitos saludables que duren. La constancia es clave en este proceso."
¿Es difícil bajar de peso? Tengo miedo de no lograrlo.,"Es un proceso, pero no te desanimes. Reflexiona sobre tus motivaciones, establece metas claras, implementa pequeños cambios saludables, celebra y monitorea tu progreso y encuentra apoyo en tu círculo cercano.",Bajar de peso requiere disciplina y perseverancia. Los cambios son sutiles y pueden tardar mucho tiempo en manifestarse.
Siento que nunca podré bajar de peso. ¿Qué hago?,"No estás solo, y hay formas de lograrlo. Puedes reflexionar sobre tus motivaciones, establecer metas claras, implementar pequeños cambios, celebrar y monitorear tu progreso y encontrar apoyo en tu círculo cercano. Si necesitas más apoyo, busca orientación profesional, siempre hay una solución.",Puedes establecer metas claras y trabajar en ellos.
"¿Qué tiene una dieta saludable para que sea rica y, además, me ayude a estar bien?","¡De todo un poco! Frutas, verduras, cereales integrales, proteínas magras como pollo, pescado, huevos, y alimentos bajos en grasas y azúcares. Es cuestión de balance y creatividad en la cocina y que se ajuste a tus necesidades calóricas.","Para ser rica, una dieta saludable debe incluir carnes magras y alimentos procesados."
¿Qué características tiene una dieta saludable?,"Incluye frutas, verduras, proteínas magras, cereales integrales y productos lácteos. También evita los azúcares y grasas en exceso.","Incluye frutas, verduras, proteínas magras y cereales integrales. Evita alimentos procesados."
¿Es difícil seguir una dieta saludable?,"Puede parecerlo al principio, pero se trata de acostumbrarte poco a poco. Lo importante está en la variedad de las comidas, que estas sean saludables y respondan a tus requerimientos calóricos. Si necesitas mayor orientación, te recomiendo acudir con un profesional.","Sí, puede ser difícil seguir una dieta saludable."
No sé cómo tener una dieta saludable. Me siento perdido.,"Entiendo cómo te sientes. Puedes incluir frutas, verduras, proteínas magras, cereales integrales y productos lácteos. También evita los azúcares y grasas en exceso. Poco a poco conseguirás tus objetivos.","Incluye frutas, verduras, proteínas magras, cereales integrales y productos lácteos. Evita los azúcares y grasas en exceso."
¡Recomiéndame las frutas más ricas para comer todos los días!,"¡Claro! Las manzanas, plátanos, mangos, piñas y kiwis son deliciosas y llenas de nutrientes. Escoge las que más te gusten y disfrútalas a lo largo del día.","Las frutas más ricas para comer todos los días son manzanas, plátanos, mangos, piñas y kiwis. Elige una o varias según tus preferencias."
¿Qué frutas puedo incluir en mi alimentación diaria?,"Cualquier fruta que prefieras está bien. Manzanas, plátanos, mangos y kiwis son opciones muy saludables.","Manzanas, plátanos, mangos y kiwis son opciones comunes de frutas."
¿Hay frutas que no debería comer? ¿Cómo sé cuáles son buenas?,"Todas las frutas son buenas, pero puedes priorizar las que más te gusten. Lo importante es incluirlas en tu dieta de forma regular.","Algunas frutas tienen contenido adictivo o pueden causar problemas digestivos debido a su alto contenido de azúcar y fibra no soluble, por lo que algunas personas evitan consumirlas."
No sé qué frutas comer. Me siento confundido.,"No te preocupes. Empieza con opciones simples como manzanas o plátanos. Si tienes dudas, puedes probar diferentes frutas poco a poco hasta que encuentres una que te guste.",Comer frutas es una elección personal. Puedes empezar con opciones comunes como manzanas o plátanos si necesitas algo fácil de digerir.
¿Qué trucos tienes para incluir más vegetales en mi dieta?,"¡Fácil! Prueba cocinarlos al vapor con especias como romero, saltearlos con un poquito de aceite o añadirlos a tus sopas y guisos. ¡Lo importante es incluirlos!","Incluye más vegetales en tu dieta cocinando al vapor, salteando o agregándolos a sopas y guisos."
¿Cómo puedo agregar más vegetales a mis comidas?,"Puedes cocinarlos al vapor con especias como romero, saltearlos con una pisca de aceite o incluirlos en tus sopas y guisos.",Agrega más vegetales a las comidas cocinando o salteándolos.
¿Y si no me gustan los vegetales? ¿Cómo los incluyo?,"No te preocupes. Puedes empezar mezclándolos con otros alimentos que te gusten. Por ejemplo, agrégalos a omelettes, guisos o sopas. Poco a poco te acostumbrarás.",Mejorarías tu dieta si comes vegetales.
Siento que no sé cómo comer más vegetales.,"Está bien sentirse así. Empieza con pequeñas cantidades en tus comidas favoritas, como en guisos o sopas. Cada paso cuenta para mejorar tu alimentación.",Aumenta gradualmente las porciones de vegetales en tus comidas.
¡Me encanta el dulce! ¿Qué puedo comer como postre sin que tenga mucha azúcar?,Prueba yogures bajos en grasa y sin azúcar añadida. Vienen en varios sabores y son perfectos como un postre ligero. ¡Te van a encantar!,Yogures bajos en grasa y sin azúcar añadida son una opción para postres ligeros.
¿Qué postre saludable puedo incluir en mi dieta?,"Puedes optar por yogures bajos en grasa o sin azúcar, que son una buena alternativa y vienen en varios sabores.",Puedes optar por yogur sin aditivos.
¿Hay postres ricos pero saludables? Me preocupa renunciar a los dulces.,"Claro que sí. Yogures sin azúcar añadida son una excelente opción. Si quieres, también puedes agregar frutas frescas para hacerlos más interesantes.",Sí existen postres saludables. Puedes optar por yogur natural o plátanos cocidos sin aditivos artificiales.
Me cuesta dejar los postres normales. ¿Hay algo saludable que se parezca?,"Lo entiendo, puede ser difícil. Puedes empezar con yogures bajos en grasa y sin azúcar. Poco a poco, verás que también puedes disfrutar de ellos. Y recuerda no se trata de prohibirnos de comer todo lo que nos gusta sino de encontrar un equilibrio.",Yogures bajos en grasa y sin azúcar pueden ser una opción.
¡El calcio siempre lo escucho! ¿Por qué lo necesitamos tanto?,"¡Buena pregunta! Es clave para tener huesos fuertes, movernos con energía y para que el cerebro envíe señales al resto del cuerpo.","El calcio es un mineral esencial para el cuerpo humano. Se encuentra en muchos alimentos y es necesario para mantener la salud ósea, muscular y nerviosa."
¿Por qué el calcio es necesario para mi cuerpo?,"El calcio ayuda a construir y mantener huesos fuertes, además de apoyar el movimiento muscular y la transmisión de información entre el cerebro y el cuerpo.",El calcio es necesario para tu cuerpo porque es un elemento mineral esencial que forma parte de tus huesos.
¿Qué pasa si no consumo suficiente calcio? ¿Es grave?,"El calcio es importante y necesario que lo incluyas en tu dieta. Tiene funciones claves como fortalecer los huesos, y apoyar en la transmisión de información entre el cerebro y el cuerpo.","No consumir suficiente calcio puede causar debilidad ósea, fraqueza muscular y problemas cardíacos."
Creo que no consumo suficiente calcio. ¿Qué podría pasar?,"El calcio es importante para el fortalecimiento de los huesos. Así que es super importante para tu cuerpo y tu movilidad. Si no consumes lo suficiente, puedes corregirlo agregando alimentos ricos en calcio a tu dieta. Siempre hay tiempo para mejorar.","Si no consumes suficiente calcio, puede afectar la densidad de tus huesos y aumentar el riesgo de fracturas óseas."
¡Dime dónde encontrar calcio para que nunca falte en mi plato!,"¡Es fácil! Lo encuentras en la leche, el yogur, el queso, y también en vegetales como el brócoli. Incluso las sardinas y el salmón enlatado con huesos son buenas fuentes.","Puedes encontrar calcio en la leche, el yogur, el queso y vegetales como brócoli. También hay fuente en las sardinas y salmón enlatado."
¿Qué alimentos son ricos en calcio?,"Leche, yogur, queso, brócoli, sardinas y salmón con huesos son algunas fuentes comunes de calcio.","Leche y productos lácteos, brócoli, queso y otros alimentos ricos en calcio."
¿Y si no me gusta la leche? ¿Dónde más puedo conseguir calcio?,"No te preocupes. Hay muchas opciones como el brócoli, sardinas enlatadas con huesos y alternativas fortificadas como la leche de soya.",Puedes encontrar calcio en brócoli y sardinas con huesos. También hay alternativas fortificadas como la leche de soya.
No sé si estoy consumiendo suficiente calcio. ¿Dónde lo encuentro?,"Puedes empezar con alimentos básicos como la leche y el yogur, o incluso probar vegetales como el brócoli. Poco a poco, puedes mejorar tu ingesta.","Los alimentos que contienen calcio son leche, yogur, queso, huesos, brócoli y espinacas."
¡Cuéntame! ¿Qué sucede si me falta calcio?,"Bueno, los huesos se debilitan, lo que a largo plazo puede causar osteoporosis. También aumenta el riesgo de caídas y fracturas, pero tranquilo, cuidándote ahora puedes prevenirlo.","Si te falta calcio, los huesos se debilitan. Esto puede provocar osteoporosis y un mayor riesgo de caídas y fracturas."
¿Qué ocurre si no obtengo suficiente calcio?,"La falta de calcio puede llevar a osteoporosis, que hace los huesos más frágiles y aumenta el riesgo de fracturas.",La deficiencia de calcio se asocia con un mayor riesgo de osteoporosis.
¿Es muy malo si no consumo suficiente calcio? Me da un poco de miedo.,"Puede ser un problema a largo plazo, ya que podrías desarrollar osteoporosis. Pero no te preocupes, hay muchas maneras de incluir calcio en tu dieta.","Si no consumes suficiente calcio, puede afectar tus huesos y aumentar el riesgo de osteoporosis."
Siento que no he cuidado mi consumo de calcio. ¿Qué puede pasar?,"Es posible que tus huesos se debiliten, pero nunca es tarde para empezar a cuidarte. Agregar calcio a tu dieta ahora puede marcar una gran diferencia.","Si no consumes suficiente calcio, tus huesos pueden debilitarse o sufrir fracturas más frecuentes."
¡Quiero saber! ¿Dónde puedo conseguir vitamina D para estar bien?,"¡Qué bueno que preguntes! La vitamina D está en alimentos fortificados como varias marcas de leche y la leche de soya y el pescado graso como el salmón, atún y la trucha. Además, un poco de sol al día también ayuda.","Puedes encontrar vitamina D en alimentos fortificados como leche y leche de soya o en pescado graso. El sol es otra fuente, aunque no es la cantidad que se considera suficiente."
¿Qué cosas son buenas fuentes de vitamina D?,"Puedes encontrarla en pescados grasos como salmón, atún, trucha, leche de soya, alimentos fortificados y con exposición al sol.",Fuentes de vitamina D incluyen pescado graso y productos alimentarios fortificados.
¿Y si no me expongo mucho al sol? ¿Cómo consigo vitamina D?,"Tranquilo, también puedes obtenerla de alimentos fortificados como leche de almendra, leche de soya, algunos cereales y pescados grasos como el salmón, la trucha y el atún.",Puedes obtener vitamina D de los alimentos fortificados mencionados o mediante exposición solar durante períodos cortos cada semana.
No estoy seguro de cómo obtener suficiente vitamina D.,"Hay diversas formas. Puedes probar con varias marcas de leche, alimentos fortificados como la leche de soya, y también de pescados como el salmón y el atún.","Puedes obtener vitamina D a través de la exposición solar, alimentos fortificados y suplementos."
¡Soy fan de las papitas y las hamburguesas! ¿Cómo las reduzco sin sufrir?,"¡Buena pregunta! Intenta comerlas menos seguido, tal vez una vez al mes, o elige versiones más saludables con menos calorías. ¡No se trata de privarte, sino de balance!",Reducir las papitas y las hamburguesas implica disminuir la cantidad consumida. Se puede lograr comiéndolas menos a menudo o optando por versiones más bajas en calorías.
¿Cómo puedo manejar mi consumo de comida chatarra?,"Reduce la frecuencia, como comerlas una vez al mes, o elige porciones más pequeñas. También hay versiones más ligeras en calorías que puedes probar.",Reduce la cantidad consumida y evita alimentos chatarra con alto contenido de azúcar y grasas saturadas.
¿Es muy malo que coma comida chatarra? ¿Qué puedo hacer?,No es malo disfrutarla de vez en cuando. Puedes reducir la cantidad o buscar opciones más saludables. Es cuestión de equilibrio.,La comida chatarra no es necesariamente mala para ti. La clave está en el consumo moderado.
Me cuesta dejar la comida chatarra. ¿Qué puedo hacer?,No te preocupes. Puedes empezar reduciendo la frecuencia o comiendo porciones más pequeñas. Hazlo a tu ritmo; cada paso cuenta.,Reduce la cantidad de chatarra que consumes y haz un plan para sustituirla por opciones saludables.
¡Amo las carnes! ¿Cómo las preparo para que sean más saludables?,¡Qué genial que disfrutes las carnes! Prueba hornearlas o asarlas en lugar de freírlas. También puedes buscar recetas con menos calorías. ¡Tal vez descubras tu nuevo plato favorito!,"Para preparar carnes más saludables, es recomendable hornear o asarlas en lugar de freírlas."
¿Cómo puedo hacer que mis carnes sean más saludables?,"Opta por hornearlas, asarlas o cocinarlas al vapor en lugar de freírlas. También puedes buscar recetas bajas en calorías para variar.",Cocina las carnes a temperaturas más bajas o utiliza métodos de cocción sin calor adicional.
¿Está mal que coma carne frita? ¿Qué opciones tengo?,"No está mal disfrutarla ocasionalmente, pero puedes hacerla más saludable asándola o horneándola. Si necesitas ideas, busca recetas ligeras en internet.",La carne frita no es necesariamente malo. Puedes optar por cocinarla de otras formas para reducir su contenido graso.
Me preocupa que la carne que como no sea saludable. ¿Qué hago?,"No te preocupes, es fácil hacer cambios pequeños. Asar o hornear es una opción más saludable. Además, puedes buscar recetas más ligeras.",Come carne asada o horneada en lugar de cocinarla a fuego alto.
¿La vitamina D qué hace?,Ayuda a tu cuerpo a absorber calcio para mantener huesos fuertes y previene la osteoporosis.,Ayuda a tu cuerpo a absorber calcio.
¿Cuál es el beneficio principal de la vitamina D?,"La vitamina D ayuda a que tu cuerpo absorba calcio, lo que mantiene tus huesos fuertes y saludables.",La vitamina D permite la absorción de calcio.
¿Qué pasa si no obtengo suficiente vitamina D?,"Podrías tener problemas con tus huesos, ya que la vitamina D ayude al cuerpo a absorver calcio. Pero no te preocupes, hay diversas formas de obtenerla.",La falta de vitamina D puede causar problemas de salud relacionados con el sistema óseo.
Siento que no estoy consumiendo vitamina D. ¿Es grave?,"No te preocupes, siempre puedes mejorar. La vitamina D ayuda a tu cuerpo a absorver calcio, lo cual es necesario para mantener tus huesos fuertes. Lo bueno es que hay diversas formas de obtener dicha vitamina.",La falta de vitamina D puede causar problemas de salud como osteoporosis o fatiga crónica.
"¡Amo lo dulce! Pero, ¿cuánto es saludable comer?",¡Es genial que quieras informarte! Intenta que el azúcar añadida no supere el 10% de las calorías que consumes al día. ¡El balance es clave!,"La cantidad de azúcar adecuada varía según la edad y el nivel de actividad física, y generalmente se recomienda limitar el consumo de azúcar añadida a 50 gramos al día."
¿Cuál es el límite recomendado de azúcar añadida?,Se recomienda que no supere el 10% de tu consumo calórico diario.,El límite recomendado para la ingesta de azúcar es menos del 5% del total diario.
¿Es malo si consumo más del 10% de azúcar al día?,"La recomendación es que la azúcar añadida no supere el 10% de tu consumo calórico diario. Consumir más puede afectar tu salud, pero puedes ajustar tu dieta poco a poco para reducirla y mantener un buen balance.",Consumir más del 10% de azúcar al día no es perjudicial.
Creo que consumo más azúcar de lo recomendado. ¿Es malo?,"Puede tener efectos negativos, pero siempre puedes mejorar. Reducirla poco a poco es un gran paso hacia una mejor salud. La recomendación es que la azúcar añadida no supere el 10% de tu consumo calórico diario.",Consumir más azúcar de lo recomendado puede aumentar el riesgo de problemas de salud como obesidad y enfermedades cardíacas.
¡El azúcar está en todas partes! ¿Dónde la puedo encontrar?,"¡Exacto! Se encuentra en bebidas azucaradas, energizantes, postres y hasta en cafés o tés con azúcar añadida. ¡Vale la pena estar atentos!",Se puede encontrar en bebidas comerciales y alimentos procesados.
¿Cuáles son las principales fuentes de azúcar añadida?,"Bebidas azucaradas, energizantes, postres, caramelos y productos procesados como barras de cereal.","Bebidas azucaradas, energizantes, postres, caramelos y alimentos procesados."
¿Y si estoy consumiendo azúcar sin darme cuenta? ¿Dónde están?,"Puede estar en alimentos procesados, como bebidas energizantes, dulces, cafés con azúcar añadida y postres. No se trata de prohibir alimentos, sino de reducirlos y encontrar un balance.",Azúcar está en muchas cosas. Alimentos procesados.
Creo que consumo demasiada azúcar. ¿De dónde proviene?,"Está en cosas comunes como bebidas azucaradas, energizantes, postres, barras de cereal, y otros productos. Pero no te preocupes, puedes reducirla con cambios pequeños en tu dieta.","El azúcar se encuentra en bebidas comerciales, alimentos procesados y dulces."
¿Qué pasa si como azúcar? ¡Es mi debilidad!,"¡Todos tenemos una debilidad! Pero consumir mucha azúcar puede llevar a obesidad, diabetes tipo 2 y caries. Mejor disfrutarla con moderación.",Consumir azúcar en exceso puede provocar problemas de salud como obesidad y diabetes.
¿Cuáles son los efectos del consumo de azúcar?,"Puede causar besidad, diabetes tipo 2 y problemas dentales.","Incluso el consumo moderado de azúcar puede tener efectos negativos en la salud. Estos incluyen un aumento del riesgo de enfermedades cardíacas y algunas formas de cáncer, además de problemas de salud mental como depresión y ansiedad. El azúcar también puede causar inflamación en el cuerpo, lo que puede llevar a una variedad de problemas de salud."
Me preocupa comer demasiada azúcar. ¿Qué puede pasar?,"Puede afectar tu salud, como causar diabetes tipo 2 o producir caries y obesidad. Reducirla poco a poco puede marcar la diferencia.",Consumo excesivo de azúcar puede llevar a problemas de salud como diabetes y caries dentales.
Creo que estoy comiendo demasiada azúcar. ¿Es malo?,"Demasiada azúcar puede llevar a problemas como diabetes y caries, pero siempre hay formas de mejorar tu dieta. Pequeños pasos para reducirla son un gran inicio.",Demasiada azúcar puede causar diabetes y caries.
¡Quiero consumir menos azúcar! ¿Cómo empiezo?,¡Eso es genial! Puedes beber agua en lugar de bebidas azucaradas o elegir opciones sin endulzantes. ¡Tu cuerpo te lo agradecerá!,Bebe agua y evita bebidas azucaradas.
¿Cómo puedo reducir mi consumo de azúcar?,Cambia las bebidas azucaradas por agua o bebidas sin endulzantes. Este pequeño paso puede hacer una gran diferencia.,Sustituye las bebidas azucaradas con bebidas no azucaradas.
¿Es difícil reducir el azúcar? ¿Por dónde empiezo?,"Puede parecer difícil, pero pequeños cambios, como beber más agua o elegir bebidas sin azúcar, pueden ayudarte mucho.",Cambiar tu dieta para reducir el consumo de azúcar implica cambios sustanciales. Empieza limitando tus opciones en tiendas y restaurantes que ofrezcan alimentos procesados. Revisa las etiquetas nutricionales de los alimentos que consumes para identificar fuentes de azúcar oculta.
"Quiero consumir menos azúcar, pero me cuesta. ¿Qué hago?","No te preocupes, empieza con pasos pequeños, como cambiar bebidas azucaradas por agua o eligiendo bebidas sin endulzantes. Poco a poco podrás hacerlo.","Puedes reducir tu consumo de azúcar cambiando tus hábitos diarios, como reemplazar bebidas azucaradas por agua o optar por opciones sin endulzantes."
¡Las cosas azucaradas siempre me llaman la atención! ¿Cómo las evito?,"¡Planea tus comidas y haz una lista! Si te mantienes fiel a la lista cuando vas de compras, evitarás las tentaciones. ¡Es un truco que funciona!",Limita tu acceso a tiendas y mercados.
¿Cómo puedo evitar comprar productos azucarados?,"Planea tus comidas según tus necesidades, haz una lista y compra solo lo que necesitas.",No hay recomendaciones específicas.
Me preocupa siempre terminar comprando cosas azucaradas. ¿Cómo lo evito?,"Entiendo lo difícil que puede ser resistirse. Planear tus comidas y hacer una lista ayuda mucho. Si te enfocas en lo que necesitas, es más fácil resistir las tentaciones.",Planear tus comidas y hacer una lista es la forma de evitar comprarazucarados.
Siempre termino comprando cosas azucaradas. ¿Qué puedo hacer?,Haz una lista antes de ir de compras y enfócate en lo que realmente necesitas. Así es más fácil evitar las tentaciones. ¡Yo sé que pódrás hacerlo!,Enfócate en tu presupuesto y evita comprar sin necesidad.
"¡Me encantan las bebidas, pero cuéntame! ¿Cuáles son las azucaradas?","¡Buena pregunta! Incluyen gaseosas, jugos de fruta, bebidas azucaradas, bebidas deportivas y energizantes.",Las azúcaras.
¿Qué bebidas se consideran azucaradas?,"Gaseosas, bebidas de fruta, bebidas deportivas, energizantes y aguas saborizadas con azúcar añadida se consideran bebidas azucaradas.",Bebidas con contenido de azúcar agregado.
¿Estoy tomando bebidas azucaradas sin darme cuenta? ¿Cuáles son?,"Es fácil no notarlo. Bebidas como gaseosas, jugos de frutas y hasta algunas aguas saborizadas contienen azúcar. No se trata de prohibirlas sino de encontrar un balance.","Bebidas que pueden contener azúcar incluyen gaseosas, jugos de frutas y agua saborizada."
Creo que consumo muchas bebidas azucaradas. ¿Cuáles son?,"Gaseosas, jugos de fruta y energizantes son bebidas azucaradas. Pero tranquilo, hay maneras de reducirlas poco a poco.","Gaseosas, jugos de fruta y energizantes son las principales fuentes de azúcar en tu dieta. Reducir su consumo puede ayudarte a tomar decisiones más saludables."
¿Por qué debería preocuparme por la azúcar si me gusta tanto?,"¡Disfrutar está bien, pero con cuidado! Tomar muchas bebidas azucaradas puede aumentar el riesgo de obesidad, diabetes y problemas de corazón.",La ingesta excesiva de azúcar puede llevar a problemas de salud.
¿Por qué es importante limitar el consumo de azúcar?,"Porque un consumo alto de azúcar puede aumentar el riesgo de enfermedades como obesidad, diabetes tipo 2 y problemas del corazón.",El consumo excesivo de azúcar está asociado con un mayor riesgo de enfermedades.
¿Qué pasa si tomo demasiada azúcar? ¿Es muy malo?,"Consumir demasiada azúcar puede causar obesidad, diabetes y problemas cardíacos. Pero no te preocupes, puedes reducirlo con pequeños cambios.",El consumo excesivo de azúcar puede llevar a problemas de salud como obesidad y diabetes. Los efectos son graves.
Siento que consumo mucha azúcar. ¿Es malo?,"Demasiada azúcar puede aumentar el riesgo de enfermedades como la obesidad y diabetes tipo 2, pero nunca es tarde para mejorar. Cambios pequeños pueden ayudarte mucho.",Consumir mucha azúcar puede asociarse a un mayor riesgo de desarrollar problemas relacionados con el peso y la regulación glucémica.
"Me gustan las gaseosas, ¿es muy azucarado?","Sí, si bien son ricas, una lata de gaseosa de 354 ml contiene 10 cucharitas de azucar añadida.",Sí. Contienen 10 cucharadas de azúcar por litro.
¿Cuán dulce es una lata de gaseosa?,Una lata de gaseosa de 354 ml tiene 10 cucharitas de azucar añadida.,Una lata de gaseosa no contiene dulzor.
Me gusta mucho la gaseosa pero creo que es mucha azúcar y me preocupa.,Entiendo. Lamentablemente una lata de gaseosa de 354 ml tiene 10 cucharitas de azúcar añadida. Lo bueno es que puedes reducir su consumo poco a poco.,La mayoría de las bebidas carbonatadas contienen entre 7 y 10 gramos de azúcar por litro.
Creo que consumo muchas calorías en azúcar. ¿Cuánto es demasiado?,"Entiendo, lo bueno es que eres consciente y puedes tratar de reducir su consumo. Solo para que tengas una idea, una lata de gaseosa de 354 ml tiene 10 cucharitas de azúcar añadida. Reducir poco a poco hará una gran diferencia.","Una lata de gaseosa de 354 ml contiene aproximadamente 37,8 gramos de azúcar."
¡Quiero dejar las gaseosas! ¿Qué alternativas me recomiendas?,"¡Eso es genial! Elige agua en lugar de bebidas azucaradas. Puede ser agua del grifo, embotellada, o incluso agua con gas.",Agua envasada y sin azúcar.
¿Cómo puedo reducir mi consumo de bebidas azucaradas?,Cambia las bebidas azucaradas por agua natural o sin endulzar. También puedes probar agua con gas.,Bebe más agua.
Me cuesta dejar las bebidas azucaradas. ¿Qué puedo hacer?,Te entiendo. Comienza eligiendo agua en lugar de refrescos. Añadir rodajas de limón o frutas puede darle sabor. Poco a poco será más fácil.,Reduce la cantidad de azúcar en las bebidas que consumes.
No sé si puedo dejar las bebidas azucaradas. ¿Hay alguna forma sencilla?,Claro que sí. Empieza por cambiar una bebida azucarada al día por agua. Puedes agregar rodajas de frutas para darle sabor. Poco a poco.,Cambiar la bebida azucarada diaria por agua es posible. Agregar rodajas de frutas puede ayudar a darle sabor sin agregar azúcar.
"Quiero tomar más agua, pero no tiene sabor, ¿qué me recomiendas?","¡Entiendo! Puedes añadir rodajas de limón, fresas o arándonos para darle más sabor. ¡Me cuentas cómo te va!",Añade rodajas de limón a tu agua.
¿Cómo le doy más sabor al agua sola?,"Puedes añadir rodajas de limón, fresas o arándanos para darle más sabor al agua sola.","Añade ingredientes como limón, fresas u otros."
"Quiero beber más agua pero me preocupa no poder, ya que no tiene mucho sabor, ¿qué puedo hacer?","Entiendo. Mmmm, podrías interntar añadir rodajas de limón, fresas o arándonos para darle más sabor al agua sola. Espero te ayude este tip.",Añade rodajas de limón a tu agua.
"Quiero beber más agua pero no tiene sabor, temo que nunca pueda dejar las bebidas azucaradas.","Entiendo tu preocupación. No se trata de dejarlas por completo, sino de reducirlas y encontrar un balance. Intenta echando rodajas de limón, fresas o arándonos al agua sola. Estoy seguro de que sabrá mejor.","No hay una solución efectiva para hacer que el agua tenga sabor. Las bebidas azucaradas tienen alto contenido de azúcar, lo cual es dañino para la salud."
"El agua está bien, pero quiero algo diferente. ¿Qué otras opciones hay?","¡Claro! Puedes probar leche baja en grasa, bebidas fortificadas o jugo 100% natural. ¡Hay muchas opciones!","Leche baja en grasa, jugo 100% natural y bebidas fortificadas."
¿Qué puedo tomar si no me gusta el agua?,"Prueba bebidas que aporten nutrientes, como leche baja en grasa, bebidas fortificadas sin azúcar o jugo 100% natural.",Bebidas fortificadas.
¿Qué hago si el agua no me gusta? ¿Hay alternativas?,Entiendo. Te recomiendo empezar a tomar agua poco a poco. Pero también puedes tomar leche baja en grasa o un poco de jugo 100% natural.,"No hay muchas opciones para ti si el agua no te gusta. Puedes tratar de beber jugos de frutas, té sin azúcar o leche sin grasa."
Siento que no puedo dejar las bebidas azucaradas porque no me gusta el agua. ¿Qué hago?,"No te preocupes, hay otras opciones saludables como leche baja en grasa, bebidas fortificadas o jugos 100% naturales. De todos modos, trata de tomar agua sola e incrementar su ingesta gradualmente.",Toma la leche baja en grasa o los jugos 100% naturales.
¡A veces soy el único que quiere cambiar! ¿Cómo motivo a mis amigos?,"¡Sé un ejemplo! Eligiendo agua y bebidas saludables, podrías inspirar a tus amigos y familia a hacer lo mismo.",Puedes expresar tus opiniones sin presionarlos.
¿Qué hago si los demás no quieren dejar el azúcar?,"Puedes ser un modelo a seguir eligiendo opciones más saludables como el agua. A veces, las acciones dicen más que las palabras.",No puedes obligar a los demás a cambiar su comportamiento.
¿Cómo puedo cambiar si mi entorno no deja las bebidas azucaradas?,"Haz lo mejor para ti. Si eliges agua o bebidas saludables, podrías motivar a otros a seguir tu ejemplo.",Elige agua o bebidas sin azúcar.
Nadie a mi alrededor quiere dejar el azúcar. ¿Qué hago?,"Aunque sea difícil, enfócate en ti. Con el tiempo, tu ejemplo podría animar a otros a intentarlo.",No hay respuestas relevantes para esta pregunta.
¡Quiero comprar bebidas saludables! ¿Cómo elijo mejor cuando estoy en una tienda?,"¡Eso está genial! Lee las etiquetas nutricionales y busca opciones bajas en calorías, azúcar añadida y grasas saturadas.","Lee las etiquetas nutricionales y busca opciones con menos calorías, azúcar añadido y grasas saturadas."
¿Cómo sé si una bebida es saludable en la tienda?,"Revisa la etiqueta nutricional. Busca bebidas bajas en calorías, con poco azúcar añadido y sin grasas saturadas.",Lee las etiquetas de los ingredientes y las calorías.
¿Cómo evito elegir bebidas con demasiada azúcar en la tienda?,Lee las etiquetas y prioriza las opciones bajas en azúcar. Planificar tus compras con una lista puede ayudarte mucho.,Lee las etiquetas y prioriza las opciones bajas en azúcar.
Me cuesta mucho elegir bebidas saludables. ¿Cómo lo hago?,Haz una lista antes de ir a la tienda y revisa las etiquetas. Las bebidas con menos azúcar y grasas saturadas son siempre una mejor opción.,Puedes leer las etiquetas y elegir opciones más simples.
¡A veces extraño las bebidas gaseosas! ¿Qué puedo hacer para no sentirme mal?,¡No te preocupes! Puedes agregar un poco de jugo 100% natural al agua con gas. ¡Es refrescante y más saludable!,Beber solo agua con gas es suficiente.
Extraño un poco las bebidas gaseosas. ¿Qué me recomiendas?,Prueba agregar un toque de jugo 100% natural al agua con gas. Así sigues disfrutando de las burbujas sin las calorías extra.,Agrega jugo natural a la gaseosa si quieres reducir el contenido calorífico.
¿Cómo hago si realmente me están dando ganas de una gaseosa?,"Entiendo, a veces es difícil resistir a las tentaciones. Te recomiendo probar echando jugo 100% natural al agua con gas. Te va a refrescar y evitarás el exceso de azúcar.",Echa jugo 100% natural al agua con gas.
Me cuesta dejar las gaseosas. ¿Qué puedo tomar para no sentirme tan mal?,"Te entiendo, pero no te preocupes. Intenta con agua con gas y un poco de jugo 100% natural. ¡Es una alternativa deliciosa y mucho más saludable!",La comida se puede dejar. Puedes probar el agua sin gas.
¡Quiero dejar las bebidas azucaradas! ¿Cómo empiezo?,¡Qué bien que lo quieras hacer! No compres bebidas azucaradas y mejor guarda agua fría en botellas reutilizables en el frigider. ¡Así siempre tendrás agua a mano y te será más fácil evitar las tentaciones!,"Come una bebida azucarada y luego pasa a la siguiente sin darte cuenta, cambia de marca o tipo de bebida, solo que no le des importancia."
Me gustaría reducir las bebidas azucaradas. ¿Qué me recomiendas?,"Evita tener bebidas azucaradas en casa. En su lugar, mantén siempre agua fría en una botella reutilizable. ¡Te ayudará a quedarte en el camino saludable!",Bebedas menos bebidas azucaradas. Manteniendo agua en una botella es suficiente.
"No sé cómo dejar las bebidas azucaradas, me cuesta mucho. ¿Algún consejo?",Lo primero es evitar tenerlas en casa. Guarda agua fría en botellas reutilizables en el frigider y lléva una siempre contigo. Así será más fácil evitar caer en la tentación.,Evitar las bebidas azucaradas es posible. Algunas personas evitan tenerlas en casa y optan por agua o bebidas sin azúcar.
Siento que no puedo dejar las bebidas azucaradas. ¿Cómo lo hago?,"Es difícil, pero lo importante es dar pequeños pasos. Empieza por no tener bebidas azucaradas en casa. Mantén agua fría en botellas reutilizables contigo y en tu frigider, ¡y poco a poco lo irás logrando!",Síntomas de abstinencia y consejos para reducir el consumo de azúcar. Evitar situaciones que te expongan a bebidas azucaradas.
"Me encanta el café, pero quiero hacerlo más saludable. ¿Qué hago?","¡Qué bueno que pienses en eso! Pide tu café con leche baja en grasa o con alternativas vegetales sin azúcar como la de almendra o soya. O, si quieres algo más simple, ¡un buen café negro siempre es una opción!",Reduce el contenido de grasa en tu café con leche.
"Cuando voy a la cafetería, ¿cómo puedo hacer que mi bebida sea más saludable?","Opta por leche baja en grasa o alternativas como leche de almendra o soya sin azúcar. Si te gustan las cosas simples, un café negro es una excelente opción.",Añade agua sin azúcar.
"Me gusta el café, pero quiero que sea más saludable. ¿Qué hago cuando voy a la cafetería?","Sé que las tentaciones son difíciles de resistir pero recuerda por qué quieres bajar tu consumo de azúcar. Trata de evitar los jarabes saborizados y la crema batida. Mejor pide tu café con leche baja en grasa o alternativas vegetales sin azúcar. Si quieres algo básico, ¡el café negro está perfecto!",Puedes pedir un café con leche de harina.
¿Cómo puedo tomar un café más saludable sin sentir que me estoy privando de algo?,"¡No te preocupes! Pide tu café con leche baja en grasa o con leche de soya o almendra sin azúcar. O, si prefieres algo más sencillo, ¡un café negro también puede ser delicioso y saludable!","Puedes pedir un café con leche baja en grasa u otra alternativa de base vegetal sin azúcar. También puedes optar por un café solo, ya que también es una opción saludable."
Siempre voy de un lado a otro. ¿Cómo puedo mantenerme hidratado sin recurrir a bebidas azucaradas?,"¡Lleva una botella reutilizable! Llénala de agua y manténla fría durante el día. Así siempre tendrás algo saludable a mano, ¡sin complicaciones!",Aquí tienes una botella de agua para llevar contigo. Llena con agua y guarda en un lugar fresco.
Siempre ando ocupado. ¿Cómo puedo llevar agua conmigo de forma práctica?,Lleva una botella reutilizable. Solo recárgala con agua y tendrás acceso a una bebida saludable donde sea que estés.,Puedes llevar una botella de plástico compacta que no requiera recarga.
Me cuesta llevar agua conmigo todo el día. ¿Qué hago para mantenerme hidratado?,"Es fácil, solo lleva una botella reutilizable y recárgala constantemente. Así, no solo estarás hidratado, sino que también evitarás caer en las bebidas azucaradas.",Lleva una botella de agua y la llena regularmente.
Siempre estoy apurado y no me acuerdo de llevar agua. ¿Qué puedo hacer?,"Una solución sencilla es llevar una botella reutilizable contigo. Al tenerla a la mano todo el tiempo, será más fácil recordar beber agua y evitar las bebidas azucaradas.",Lleva una botella de agua contigo siempre que salgas.
¡Las bebidas energéticas me gustan! ¿Por qué debería preocuparme?,"Las bebidas energéticas suelen tener mucho azúcar y cafeína. Aunque pueden dar un subidón rápido, también pueden afectar tu salud a largo plazo. ¡Hay alternativas más saludables para sentirte con energía!",Las bebidas energéticas están llena de azúcar y cafeína.
"He oído hablar mucho de las bebidas energéticas, ¿debería preocuparme por ellas?","Las bebidas energéticas contienen mucha azúcar y cafeína, lo que puede provocar otros problemas de salud. Aunque a veces pueden ayudar a darte energía, es mejor optar por opciones más naturales y saludables.",Las bebidas energéticas contienen azúcar y cafeína.
A veces me siento agotado. ¿Las bebidas energéticas son buenas para levantarme y tener más energía?,"Las bebidas energéticas pueden dar una sensación rápida de energía, pero su alto contenido de azúcar y cafeína puede generar problemas a largo plazo ¡Es mejor optar por opciones más naturales para mantenerte alerta y saludable!",Las bebidas energéticas pueden contener cafeína.
"Estoy cansado, ¿es malo recurrir a las bebidas energéticas?","Es comprensible que busques algo que te energice, pero las bebidas energéticas tienen mucha cafeína y azúcar, lo que puede ser riesgoso para tu salud. Es mejor cuidar de tu cuerpo con opciones más saludables.",Las bebidas energéticas contienen cafeína y azúcar.
"¡Necesito un empujón de energía, pero sin bebidas azucaradas! ¿Qué puedo tomar?","¡Genial que lo pienses! Prueba con agua, té sin endulzar, o incluso un café. También una fruta entera puede ayudar.",Puedes intentar una bebida de agua sin gas o un té descafeinado. También puedes probar con una infusión de hierbas o un café negro.
¿Qué puedo tomar para sentirme con más energía?,Puedes optar por agua sin azúcar o té sin endulzar. También está bien tomar un café o una fruta entera. ¡Te ayudarán a mantenerte hidratado y con energía sin tantos azúcares!,"Agua, té o café sin azúcar pueden ayudarte a sentirte más despierto."
¡Necesito algo rápido para levantarme! ¿Cómo puedo obtener energía sin caer en bebidas azucaradas?,"¡Toma un té sin azúcar! También puedes probar agua, una fruta completa o un café sin azúcar para mantenerte alerta reduciendo el impacto en tu salud.",Beber agua es una opción para obtener energía. También se puede tomar café en pequeñas cantidades.
"Me siento agotado, ¿cómo puedo mejorar mi energía sin recurrir a bebidas energéticas?","Te entiendo, pero hay muchas maneras de sentirte mejor sin recurrir a bebidas azucaradas. Prueba tomar agua fría o té sin azúcar. A veces, una buena bebida sin muchas calorías o una fruta entera también puede levantar tu ánimo de forma natural.",Toma agua y come frutas.
¿Por qué es tan importante para nuestra salud tomar agua?,"¡Exactamente! El agua es fundamental porque previene la deshidratación, lo que mejora tu claridad mental, ánimo, y hasta tu digestión. ¡Además, reemplazar bebidas azucaradas por agua es una excelente forma de cuidar tu salud!","El cuerpo humano está compuesto principalmente por agua y la deshidratación puede causar problemas de salud graves. El consumo adecuado de agua ayuda a mantener la hidratación en el cuerpo, lo cual es necesario para funcionar correctamente."
¿Por qué es tan importante beber agua todos los días?,"El agua es esencial porque te mantiene hidratado y previene problemas como el cansancio, el mal humor, y hasta problemas de digestión. ¡Reemplazar bebidas azucaradas por agua también puede ayudarte a reducir calorías!","Beber agua todos los días es necesario para mantener la hidratación corporal y evitar la fatiga, el malestar estomacal y otras complicaciones de salud."
"Siento que a veces me falta energía, ¿será por no tomar suficiente agua?","Puede ser. La deshidratación afecta tu claridad mental y te puede hacer sentir cansado o irritable. Beber suficiente agua es clave para mantenerte activo, tanto física como mentalmente.","La deshidratación no suele estar directamente relacionada con la falta de energía, aunque puede influir en el estado de ánimo. Beber agua es importante."
"Estoy un poco decaído, ¿es posible que no esté tomando suficiente agua?",Puede ser. La deshidratación puede hacerte sentir más agotado y desmotivado. Asegúrate de beber agua durante el día para sentirte más enérgico y mejorar tu ánimo. Además así previenes la deshidratación y problemas como el estreñimiento o piedras en los riñones.,Puede que sí. La deshidratación es un factor que puede afectar tus niveles de energía.
¿Cómo ayuda el agua exactamente a nuestro cuerpo?,"¡Buena pregunta! El agua regula tu temperatura, lubrica las articulaciones, protege la médula espinal, y elimina toxinas.","El agua tiene un efecto regulador en la temperatura corporal. Ayuda a mantener una condición de equilibrio hídrico en el cuerpo, lo que ayuda a prevenir problemas como el calambre muscular y las crisis de calor o frío extremos. Además, actúa como lubricante para los movimientos articulares facilitando la flexibilidad y reduciendo el riesgo de lesiones."
¿Cómo ayuda el agua a nuestro cuerpo?,"El agua es crucial para regular la temperatura corporal, proteger las articulaciones y eliminar los desechos del cuerpo. Además, te mantiene hidratado, lo cual es vital para que tu cuerpo funcione correctamente.","El agua ayuda a regular la temperatura corporal, protege las articulaciones y elimina desechos. El cuerpo necesita suficiente agua para funcionar correctamente."
"A veces me siento raro, ¿será que no estoy tomando suficiente agua?","Puede ser. El agua regula muchas funciones del cuerpo, como tu temperatura, y la digestión. Además, protege tus articulaciones y ayuda a eliminar toxinas. Asegúrate de estar tomando suficiente agua, ya que la deshidratación puede afectarte física y mentalmente.",Puede ser problema del agua. El cuerpo tiene muchas funciones y el agua juega un papel importante en ellas. La deshidratación es posible que sea el origen de tus síntomas.
"Me siento agotado, ¿el agua puede ayudarme?","Sí, de hecho, el agua puede ser la solución. Ayuda a mantener la temperatura de tu cuerpo, lubrica las articulaciones y ayuda a eliminar toxinas. ¡Mantente hidratado para sentirte mejor!","El agua puede ayudar a mantener tus funciones corporales normales, incluyendo la regulación de la temperatura y la lubricación de las articulaciones."
"Una consulta, ¿cuándo necesitamos tomar agua?","Necesitas más agua cuando hace calor, cuando haces ejercicio o si tienes fiebre. También si te sientes mal por vómitos o diarrea. ¡Mantente siempre hidratado para rendir al máximo!","Necesitas tomar agua cuando la temperatura es alta, estás haciendo ejercicio o tienes fiebre. También si te sientes mal por vómitos o diarrea."
¿Cuándo es necesario tomar más agua?,"Es importante beber más agua en climas calurosos, si haces ejercicio, o si estás enfermo con fiebre. También si estás con vómitos y diarrera. ¡Escucha a tu cuerpo y mantén siempre agua a la mano!","Tomas más agua cuando tienes fiebre, haces ejercicio, estás en un clima cálido o estás enfermo."
"A veces me siento agotado o con la cabeza pesada, ¿será por no tomar suficiente agua? ¿cuándo debería tomar más agua?","Sí, la deshidratación puede hacer que te sientas así. Cuando hace calor, haces ejercicio, o estás enfermo con fiebre, vómitos o diarrea, necesitas más agua. ¡Bebe constantemente para mantenerte bien!",La deshidratación es un síntoma común asociado a sentimientos de agotamiento y fatiga. Tómate suficiente agua según tu nivel de actividad física.
¿Debería tomar más agua si me siento mal?,"Definitivamente. Si estás enfermo con fiebre, vómitos o dierra, o si hace calor, es aún más importante que bebas suficiente agua. ¡Te ayudará a sentirte mejor y con más energía!",Tomar más agua puede ayudar si tienes fiebre o estás enfermo. Beber lo suficiente es recomendable en temperaturas altas.
¿Cuánta agua debería beber al día para sentirme bien y mantenerme activo?,"Es genial que te preocupes por tu salud. La cantidad de agua que necesitas puede variar según género y edad, así que la recomendación sería que bebas agua cada vez que tengas sed y de manera frecuente. Esto incluye el agua de otros líquidos y alimentos. ¡Mantente hidratado y verás cómo te sientes con más energía!",La cantidad de agua recomendada es de 2 litros por día.
¿Cuál es el requerimiento diario de agua para un estudiante universitario como yo?,"La cantidad de agua que necesitas puede variar según género, edad y nivel de actividad física, así que la recomendación sería que bebas agua cada vez que tengas sed y de manera frecuente.Recuerda que también obtienes líquidos de los alimentos.",La cantidad diaria recomendada es de 2 litros.
¿Y si no estoy bebiendo suficiente agua? ¿Cómo puedo saber cuánta necesito realmente?,"Entiendo tu preocupación. Un buen indicador es beber agua cada vez que te sientas con sed y hasta que el color de tu orina deje de estar oscura. ¡Por ello, siempre lleva contigo una botella de agua, tiene muchos beneficios!",Beba 8-10 vasos de agua al día según su edad y actividad física. Consulte las instrucciones del fabricante de la botella para medir el volumen.
"Creo que bebo poca agua, ¿realmente es así? temo enfermarme y no curarme.","Lamento que te sientas así. La hidratación es importante para tu bienestar general, pero no tienes que estresarte demasiado. No hay una cantidad exacta de agua que te pueda recomendar. Simplemente intenta beber agua regularmente a lo largo del día y escucha a tu cuerpo. Cada pequeño esfuerzo cuenta para mantenerte saludable.","No hay una cantidad exacta de agua que te pueda recomendar, la hidratación es importante para tu bienestar general."
¿Cómo puedo aumentar mi consumo de agua diariamente?,¡Qué bien que quieras cuidar tu salud! Llevar una botella reutilizable contigo es una excelente manera de recordar beber más agua. También puedes refrigerar botellas con agua para tenerla fría durante el día o añadirle un poco de limón para darle un toque especial. ¡Disfruta del proceso!,Llena una botella reutilizable de agua cada mañana.
¿Cómo puedo aumentar mi consumo de agua sin complicarme mucho la vida?,"Hay varias maneras sencillas de aumentar tu ingesta de agua. Puedes llevar siempre una botella reutilizable, elegir agua en lugar de bebidas azucaradas cuando vas a un restaurante y tomar agua con rodajas de frutas durante las comidas. Estos pequeños cambios pueden marcar una gran diferencia.",Lleva una botella de agua reutilizable y elige agua en lugar de bebidas azucaradas.
¿Qué pasa si no logro aumentar mi consumo de agua? ¿Cómo puedo recordarlo si siempre olvido hacerlo?,"Es normal sentirse así al formar un hábito. Una buena estrategia es establecer alarmas en tu teléfono para recordarte beber agua a intervalos regulares. También puedes asociar el consumo de agua con actividades diarias, como tomar un vaso durante el almuerzo. También ayuda llevar contigo una botella reusable de agua, y refrigerar varias botellas de agua para que la tengas disponible. Poco a poco.","Si no logras aumentar tu consumo de agua, no te importa recordarlo constantemente. Puedes establecer alarmas."
A veces me siento abrumado porque intento tomar más agua pero no puedo... ¿Qué debo hacer si no sé cómo aumentar mi consumo de agua?,Lamento que te sientas así. Constuir un hábito es difícil al inicio. Pero puedes empezar con lo simple: elige siempre el agua cuando puedas y prueba añade rodaja de frutas para darle más sabor. También lleva contigo una botella de agua reutilizable para que siempre la tengas disponible. No te desanimes; cada pequeño esfuerzo cuenta.,"Toma un tazón de agua a cada comida y hazlo regularmente, ajusta el volumen según tus necesidades."
¡Hola! Estoy buscando opciones saludables para beber. ¿Cuáles son algunas bebidas que puedo disfrutar?,"¡Eso suena genial! Puedes disfrutar de muchas opciones saludables como café o té sin azúcar, aguas con gas o saborizadas sin calorías, y leche baja en grasa o alternativas vegetales fortificadas.","Café, té sin azúcar, agua con gas o saborizadas sin calorías, leche baja en grasa, alternativas vegetales fortificadas."
¿Qué otras bebidas saludables me recomiendas además del agua?,"Hay varias opciones saludables además del agua. Puedes considerar el café o té sin azúcar, aguas con gas o saborizadas bajas en calorías, y también leche baja en grasa o jugos 100% naturales dentro de límites calóricos recomendados.","Café sin azúcar, té sin azúcar, aguas con gas o saborizadas bajas en calorías, leche baja en grasa y jugos 100% naturales."
¿Y si quiero beber cosas variadas? ¿Qué debería hacer para no caer en opciones poco saludables?,"Es comprensible sentirse desorientado. Puedes considerar el café o té sin azúcar, aguas con gas o saborizadas bajas en calorías, y también leche baja en grasa o jugos 100% naturales dentro de límites calóricos recomendados.",Beba solo agua.
A veces me siento perdido entre tantas opciones... ¿Qué debo hacer si no sé qué beber?,Lamento que te sientas así. Puede ser confuso elegir entre tantas opciones disponibles. Te animo a empezar con lo simple: elige siempre el agua cuando puedas y prueba diferentes infusiones caseras sin azúcar hasta encontrar lo que te gusta. Cada pequeño paso cuenta hacia una mejor salud.,Elige el agua o prueba diferentes infusiones caseras.
¡Hola! He oído hablar mucho sobre las bebidas energéticas. ¿Por qué son riesgosas?,"Es genial que estés informándote sobre esto. Las bebidas energéticas pueden contener grandes cantidades de cafeína y azúcar, lo cual puede causar problemas cardíacos y aumentar la presión arterial. Es mejor optar por alternativas más saludables para mantener tus niveles de energía.","Las bebidas energéticas pueden contener grandes cantidades de cafeína y azúcar, lo cual puede causar problemas cardíacos y aumentar la presión arterial."
¿Cuáles son los riesgos asociados con el consumo de bebidas energéticas?,"Las bebidas energéticas pueden ser riesgosas porque contienen altas cantidades de cafeína y azúcar. Además, pueden provocar problemas cardíacos, ansiedad y trastornos digestivos si se consumen en exceso. También pueden afectar tu sueño y concentración.","El consumo de bebidas energéticas puede llevar a problemas cardíacos, ansiedad y trastornos digestivos si se consume en exceso."
¿Qué debería hacer si ya he tomado muchas bebidas energéticas? ¿Son realmente tan peligrosas como dicen?,"Entiendo tu preocupación. Si has consumido muchas bebidas energéticas, es importante reducir su ingesta y optar por alternativas más seguras como el agua o infusiones naturales o frutas. Si sientes síntomas inusuales, considera hablar con un profesional de la salud.","Si ya has tomado muchas bebidas energéticas, reduce su ingesta y opta por agua o infusiones naturales."
Me siento mal por haber tomado tantas bebidas energéticas... ¿Son realmente tan malas para mí?,"Lamento que te sientas así. Sí, las bebidas energéticas pueden tener efectos negativos en la salud si se consumen en exceso, pero lo importante es aprender y cambiar tus hábitos poco a poco. Siempre hay tiempo para hacer elecciones más saludables y cuidar mejor de ti mismo.","Consumir bebidas energéticas en exceso puede llevar a efectos negativos en la salud, incluyendo aumento de la presión arterial y problemas cardíacos."
Estoy interesado en saber más sobre las bebidas energéticas. ¿Por qué son riesgosas y qué problemas pueden causar?,"Es genial que te preocupes por tu salud. Las bebidas energéticas pueden ser riesgosas porque contienen grandes cantidades de cafeína. También se relacionan con ansiedad, problemas para dormir, problemas digestivos y deshidratación. ¡Es mejor optar por opciones más saludables!","Las bebidas energéticas contienen cafeína en grandes cantidades y se han asociado con ansiedad, problemas de sueño y problemas digestivos. La deshidratación también es un problema común."
"¿Cuáles son los riesgos asociados con el consumo de bebidas energéticas?
Cuéntame por favor","Las bebidas energéticas pueden presentar varios riesgos para la salud, como un aumento en la frecuencia cardíaca y problemas de presión arterial debido a su alto contenido de cafeína. También se asocian con la ansiedad, problemas para dormir, problemas digestivos y deshidratación. Es importante tener cuidado con su consumo.","El consumo excesivo de cafeína puede causar un aumento en la frecuencia cardíaca y problemas de presión arterial. También se ha relacionado con ansiedad, problemas para dormir y deshidratación."
¿Qué debería hacer si ya he tomado muchas bebidas energéticas? ¿Son realmente tan peligrosas como dicen o es solo un mito?,"Entiendo tu preocupación. Si has consumido muchas bebidas energéticas, es crucial reducir su ingesta y optar por alternativas más saludables. Su uso se asocia con ansiedad, problemas para dormir, problemas digestivos, presión arterial, deshidratación, entre otros. Si algún síntoma te preocupa, considera consultar con un profesional de la salud.","Beber muchas bebidas energéticas puede causar problemas como ansiedad, problemas para dormir y deshidratación."
"Siempre he tomado bebidas energéticas, pero creo que estoy dañando mi cuerpo. ¿Son realmente tan malas para mí?","Lamento que te sientas así. Sí, el consumo excesivo de bebidas energéticas puede tener efectos negativos en la salud, incluyendo problemas cardíacos, digestivos y ansiedad así como problemas para dormir. Lo importante es aprender de la experiencia y hacer cambios hacia opciones más saludables. Siempre hay tiempo para cuidar mejor de ti mismo.","El consumo excesivo de bebidas energéticas puede tener efectos negativos en la salud, incluyendo problemas cardíacos, digestivos y ansiedad así como problemas para dormir."
He escuchado que mezclar bebidas energéticas con alcohol no es bueno. ¿Por qué es riesgoso?,"¡Buena pregunta! Mezclar bebidas energéticas con alcohol puede ser muy riesgoso porque la cafeína en las bebidas energéticas puede ocultar los efectos del alcohol, haciendo que no te des cuenta de cuán intoxicado estás. Esto puede llevar a un mayor consumo de alcohol y aumentar el riesgo de intoxicación y accidentes.","La cafeína en las bebidas energéticas oculta los efectos del alcohol, lo que puede llevar a un mayor consumo y aumento del riesgo de intoxicación."
¿Por qué es riesgoso combinar bebidas energéticas con alcohol?,"La combinación de bebidas energéticas y alcohol es riesgosa porque la cafeína puede enmascarar los efectos sedantes del alcohol. Esto significa que podrías sentirte menos ebrio de lo que realmente estás, lo que aumenta el riesgo de intoxicación y accidentes.","La combinación de bebidas energéticas con alcohol puede provocar efectos no deseados. La cafeína en las bebidas energéticas puede interactuar con los efectos del alcohol, lo que aumenta el riesgo de intoxicación."
¿Qué pasa si he estado mezclando alcohol y bebidas energéticas? ¿Debería preocuparme por mi salud?,"Es comprensible sentir ansiedad sobre esto. Si has estado combinando bebidas energéticas con alcohol, es importante ser consciente de los riesgos. Esta mezcla puede afectar tu coordinación y juicio, así que considera reducir su consumo y hablar con un profesional si tienes dudas sobre tu salud.",Combina alcohol y bebidas energéticas a tu propio riesgo.
"Me siento mal por haber mezclado bebidas energéticas con alcohol, ¿es tan malo como dicen?","Lamento que te sientas así. Combinar alcohol con bebidas energéticas es riesgoso, porque la cafeína hace que te sientas menos ebrio y tomes mucho más. Pero, no es demasiado tarde para hacer cambios positivos en tu vida. Reconocer los riesgos es un gran primer paso. Puedes optar por alternativas más saludables y cuidar mejor de ti mismo en el futuro. Siempre hay oportunidades para mejorar tu bienestar.",Combina alcohol y bebidas energéticas porque puede aumentar el riesgo de sobredosis o complicaciones de salud.
He leído que algunas bebidas energéticas tienen mucho azúcar. ¿Cuánto es demasiado?,"¡Buena pregunta! Un solo envase de 473 ml puede contener entre 54 a 62 gramos de azúcar añadida, lo cual excede la cantidad recomendada para todo el día.",47 gramos.
¿Cuánto azúcar hay en las bebidas energéticas?,"Un solo envase de 473 ml puede contener entre 54 a 62 gramos de azúcar añadida, lo cual excede la cantidad recomendada para todo el día. Este exceso puede contribuir a problemas como obesidad y diabetes tipo 2 además de los problemas asociados a las bebidas energéticas.",Entre 54 y 62 gramos por envase.
¿Y si ya he consumido muchas bebidas energéticas? ¿Cómo sé cuánto de azúcar contiene? ¿El alto contenido de azúcar me afectará seriamente?,"Entiendo tu preocupación. Un solo envase de 473 ml puede contener entre 54 a 62 gramos de azúcar añadida, lo cual excede la cantidad recomendada para todo el día. Considera moderar o eliminar su ingesta y optar por alternativas más saludables",Un envase de 473 ml puede contener entre 54 a 62 gramos de azúcar añadida.
¿Bajar de peso significa que tengo que comer menos?,Bajar de peso no necesariamente significa comer menos comida. Puedes hacer versiones más ligeras de tus platos favoritos utilizando frutas y verduras bajas en calorías en lugar de ingredientes más calóricos. ¡Disfrutar de la comida y perder peso es posible!,Comer menos puede ayudar a bajar de peso.
¿Bajar de peso implica necesariamente comer menos cantidad de alimentos?,"No necesariamente. Bajar de peso puede lograrse haciendo cambios en la calidad de los alimentos que consumes. Puedes sustituir ingredientes altos en calorías por opciones más saludables, como frutas y verduras, lo que te permitirá comer porciones similares pero con menos calorías.",Bajar de peso no implica necesariamente comer menos cantidad de alimentos. La calidad de los alimentos es más importante que la cantidad.
¿Qué pasa si no estoy comiendo menos pero quiero bajar de peso? ¿Es eso posible?,"Es comprensible sentir ansiedad sobre esto. Sí, es posible bajar de peso sin reducir la cantidad de comida si haces elecciones más saludables. Enfócate en incorporar más frutas y verduras en tus comidas, lo que te ayudará a sentirte lleno mientras reduces las calorías.",Puede ser posible bajar de peso sin reducir la cantidad de comida si elige opciones más saludables.
Me siento frustrado porque no sé si puedo bajar de peso sin comer menos... ¿Es realmente posible?,"Lamento que te sientas así. Es totalmente comprensible sentirse frustrado con el proceso de bajar de peso. Recuerda que se trata más de la calidad de lo que comes que solo de la cantidad. Con pequeños cambios hacia opciones más saludables, puedes lograr tus objetivos sin sentirte privado.",No hay un método garantizado para bajar de peso sin reducir el consumo de calorías. Los cambios en la calidad de tu dieta pueden ayudar a mejorar tus resultados.
He escuchado que las frutas y verduras son buenas para mí. ¿Por qué son tan importantes?,"Las frutas y verduras son excelentes porque contienen agua y fibra, lo que añade volumen a tus platos sin muchas calorías. Esto significa que puedes disfrutar de una buena porción y sentirte satisfecho mientras comes menos calorías. ¡Es una gran manera de cuidar tu cuerpo!","Las frutas y verduras contienen agua y fibra, lo que añade volumen a tus platos sin muchas calorías."
¿Por qué es beneficioso incluir frutas y verduras en mi dieta?,"Las frutas y verduras son beneficiosas porque aportan agua y fibra, lo cual ayuda a aumentar el volumen de tus comidas sin añadir muchas calorías. Esto te permite sentirte lleno mientras reduces tu ingesta calórica total.",Incluyendo frutas y verduras en tu dieta puede ayudarte a satisfacer tus necesidades nutricionales.
¿Qué pasa si no estoy comiendo suficientes frutas y verduras? ¿Podría afectar mi salud?,"Es natural preocuparse por esto. No consumir suficientes frutas y verduras puede llevar a una menor ingesta de nutrientes esenciales y a un aumento en el consumo calórico total. Intenta incorporar más vegetales en tus comidas; esto puede ayudarte a sentirte más satisfecho y saludable, ya que contienen agua y fibra lo que le da más volumen al plato.",No comer suficientes frutas y verduras puede reducir tu ingesta de nutrientes. Esto puede afectar tu salud si no se compensa con una dieta equilibrada.
Me siento mal porque no como suficientes frutas y verduras... ¿Debería comerlas?,"Tranquilo, aún puedes incorporarlas en tu alimentación. Cada pequeño cambio cuenta para mejorar tu bienestar. Recuerda que las frutas y verduras son beneficiosas porque aportan agua y fibra, lo cual ayuda a aumentar el volumen de tus comidas sin añadir muchas calorías.","Si come suficientes frutas y verduras, es más saludable."
Quiero asegurarme de que estoy comiendo suficientes verduras en mis cenas. ¿Cómo puedo hacerlo?,¡Eso es genial! Una buena manera de aumentar tu consumo de verduras es reemplazar una taza de arroz o pasta en tus platos favoritos con una taza de vegetales como brócoli o pimientos. Te sentirás igual de satisfecho pero con menos calorías. ¡Es delicioso y saludable!,Reemplaza arroz o pasta con verduras en tus platos favoritos.
¿Cómo puedo saber si estoy incluyendo suficientes verduras en mi cena?,"Para asegurarte de que estás comiendo suficientes verduras, intenta reemplazar una taza de arroz o pasta con una taza de vegetales en tus platos favoritos. Además, observa tu plato; las verduras, las frutas y los granos integrales deberían ocupar la mayor parte.",Compara el tamaño de los ingredientes en tu plato.
¿Y si no estoy comiendo suficientes verduras? ¿Cómo puedo mejorar eso rápidamente en mi cena?,"Tranquilo. Si sientes que no estás comiendo suficientes verduras, empieza por hacer pequeños cambios, como agregar más vegetales a tus comidas diarias o sustituir algunos carbohidratos por ellos. Cada pequeño esfuerzo cuenta.",Agrega más vegetales a tus comidas.
Me preocupa no estar comiendo suficientes verduras en mi cena... ¿Qué debo hacer si me siento perdido al respecto?,"Lamento que te sientas así. Puede ser difícil saber cuántas verduras comer, pero no te desanimes. Comienza poco a poco incorporando más vegetales en tus platos procurando que ocupen la mayor parte; cada elección saludable suma y puede hacer una gran diferencia con el tiempo.",Ajusta tu dieta para incluir más verduras.
¡Hola! He escuchado que el tamaño del plato puede ayudarme a comer mejor. ¿Es cierto eso?,"Sí, es cierto. Usar un plato normal o pequeño puede ayudarte a controlar las porciones sin sentirte privado. Esto es importante porque la cantidad total de calorías que consumes cuenta, incluso si muchas provienen de frutas y verduras. ¡Es un truco simple pero efectivo!","El tamaño del plato puede influir en las porciones consumidas. Los estudios sugieren que usar platos más pequeños puede llevar a una reducción de las porciones y, por lo tanto, a una reducción de la ingesta calórica."
¿El tamaño del plato realmente influye en cuánto como?,"Sí, el tamaño del plato puede influir en tus porciones. Usar un plato normal o pequeño puede ayudarte a controlar mejor la cantidad total de alimentos que consumes, lo cual es clave para mantener un equilibrio calórico adecuado.",El tamaño del plato puede afectar tus porciones. Los platos más grandes pueden llevar a consumir más comida en total.
¿Qué pasa si estoy usando platos grandes? ¿Eso podría estar afectando mi dieta?,"Es comprensible preocuparse por esto. Usar platos grandes puede llevarte a servirte más comida sin darte cuenta, lo que podría aumentar tu ingesta calórica total. Considera cambiar a platos más pequeños para ayudarte a controlar mejor las porciones.",Usando platos grandes puede llevar a comer más de lo necesario.
Me siento mal porque creo que estoy comiendo demasiado... ¿El tamaño del plato realmente puede ayudarme a cambiar eso?,Lamento que te sientas así. Cambiar al uso de platos más pequeños puede ser una estrategia efectiva para ayudarte a controlar las porciones y reducir la ingesta calórica sin sentirte privado. Cada pequeño cambio hacia hábitos más saludables es un paso positivo.,Cambiar al uso de platos más pequeños puede ayudarte a controlar las porciones y reducir la ingesta calórica.
Quiero hacer mi almuerzo más saludable. ¿Cómo puedo incluir más verduras en mis comidas?,"¡Qué bueno que quieras mejorar tu almuerzo! Puedes sustituir algunas cantidades de queso o carne por vegetales como lechuga, tomates o pepinos. También puedes reemplazar 57 gramos de carne o una taza de fideos en la sopa con una taza de vegetales picados como brócoli o zanahorias para hacerla más nutritiva. Pero siempre ten en cuenta tus requerimientos calóricos y nutricionales.","Incluye más verduras reemplazando carne o queso con vegetales como lechuga, tomates o pepinos, y aumenta el contenido de vegetales en sopas y guisos."
¿Cómo puedo agregar más verduras a mi almuerzo sin complicarme mucho?,"Hay varias maneras sencillas de incluir más verduras en tu almuerzo. Puedes sustituir algunas cantidades de queso o carne por vegetales como lechuga, tomates o pepinos. También puedes reemplazar 57 gramos de carne o una taza de fideos en la sopa con una taza de vegetales picados como brócoli o zanahorias para hacerla más nutritiva.","Sustituye queso, carne o fideos por verduras."
¿Qué pasa si no estoy comiendo suficientes verduras durante el almuerzo? ¿Cómo puedo mejorar eso rápidamente?,"Si crees que no estás consumiendo suficientes verduras durante el almuerzo, comienza haciendo pequeños cambios, como agregar un puñado extra de vegetales a tus comidas diarias, reemplazando algunos porciones de queso o carne por vegetales, o probar nuevas recetas con más vegetales.",No hay beneficio en comer suficientes verduras.
Me preocupa no estar comiendo bien durante el almuerzo... ¿Es demasiado tarde para empezar a incluir más verduras?,"Lamento que te sientas así. Nunca es demasiado tarde para hacer cambios positivos en tu alimentación. Incluir más verduras en tu almuerzo es un excelente paso hacia una dieta más saludable, y cada esfuerzo cuenta para mejorar tu bienestar general. Puedes sustituir algunas cantidades de queso o carne por vegetales como lechuga, tomates o pepinos. Pero, poco a poco.","Incluir más verduras en tu almuerzo no es demasiado tarde para hacer cambios positivos. Puedes sustituir queso o carne por vegetales como lechuga, tomates o pepinos."
¿Cómo puedo hacerlo más saludable mi desayuno?,"Es genial que quieras hacer cambios saludables en tu desayuno. Una buena idea es reducir la cantidad de cereal en tu tazón y añadir frutas como plátanos, duraznos o fresas. Así podrás disfrutar de un desayuno completo y contundente pero con menos calorías.",Reducir el cereal y agregar frutas puede reducir las calorías del desayuno.
¿Qué puedo hacer para que mi desayuno sea más saludable y nutritivo?,"Puedes hacer tu desayuno más saludable reduciendo la cantidad de cereal y añadiendo frutas como plátanos, duraznos o fresas. Esto te permitirá mantener un tazón lleno pero con menos calorías, lo que es una buena estrategia para comenzar el día.",Reduce la cantidad de cereal y añade frutas.
¿Y si no estoy comiendo un desayuno saludable? ¿Cómo puedo cambiar eso rápidamente?,"Si sientes que tu desayuno no es saludable, intenta hacer pequeños cambios, como agregar frutas y disminuir la ración de cereal. Cada pequeño ajuste puede ayudarte a mejorar tu alimentación.",Puedes reducir la cantidad de azúcar en tu desayuno o usar granola sin aditivos artificiales.
Me siento mal porque no sé si estoy desayunando bien... ¿Es demasiado tarde para empezar a comer mejor en la mañana?,Lamento que te sientas así. Nunca es demasiado tarde para empezar a hacer cambios positivos en tu desayuno. Incorporar más frutas y reducir los cereales puede ser un gran primer paso hacia una alimentación más saludable. ¡Cada esfuerzo cuenta!,"Siempre es posible cambiar el patrón de alimentación en la mañana. Los cambios pequeños, como incluir frutas o reducir los cereales, pueden ser efectivos."
Estoy buscando opciones de snacks saludables. ¿Cuáles son algunas buenas ideas?,"¡Eso suena genial! Algunas opciones de snacks inteligentes incluyen manzanas, plátanos medianos, una taza de arándanos, o una tasa de uvas. ¡Son deliciosos y muy nutritivos!",Manzanas y plátanos son opciones saludables. También se pueden consumir bayas secas como arándanos o uvas.
¿Qué tipos de snacks saludables me recomiendas para tener energía durante el día?,"Puedes optar por snacks saludables como una manzana, un plátano mediano, una taza de arándanos o una tasa de uvas.",Manzanas y plátanos son opciones comunes. También se pueden encontrar snacks enlatados con ingredientes naturales. Los arándanos y las uvas envasadas también están disponibles.
¿Y si no estoy eligiendo los mejores snacks? ¿Cómo puedo asegurarme de que son saludables?,"Para asegurarte de que tus snacks sean saludables, elige opciones ricas en nutrientes como frutas frescas como una manzana, un plátano medio o una tasa de arándanos o uvas. Preparar tus propios snacks también te ayudará a controlar lo que comes.",Come snacks ricos en nutrientes.
"Me siento mal por comer snacks poco saludables, ¿qué me recomiendas?","Lamento que te sientas así. No es demasiado tarde para hacer cambios positivos en tus hábitos alimenticios. Comenzar a elegir snacks más saludables es un excelente paso hacia una mejor salud. Puedes optar por frutas frescas como una manzana, un plátano medio o una tasa de arándanos o uvas. Cada elección cuenta y puede llevarte a sentirte mejor.",Come snacks más saludables. Frutas frescas son una buena opción.
¡Hola! Quiero aprender a comer más frutas y verduras de manera sabrosa. ¿Cómo puedo hacerlo?,Eso es fantástico! Puedes disfrutar de las frutas y verduras crudas o cocinarlas utilizando técnicas bajas en grasa como al vapor. Prueba añadir aderezos bajos en calorías o hierbas y especias para darles más sabor. ¡Te encantarán!,Come 3 porciones de frutas y verduras al día.
¿Cuál es la mejor manera de incluir frutas y verduras en mi dieta diaria?,"Una buena manera de incluir más frutas y verduras es comerlas crudas o cocinarlas usando métodos bajos en grasa, como al vapor. También puedes usar aderezos bajos en calorías y especias para realzar su sabor.",Incluye frutas y verduras en tu dieta mediante el consumo crudo o cocina baja en grasa como al vapor.
¿Qué pasa si no estoy comiendo suficientes frutas y verduras? ¿Cómo puedo mejorar eso rápidamente?,"Si crees que no estás consumiendo suficientes frutas y verduras, comienza por añadir una porción extra a cada comida o prueba nuevas recetas que las incluyan. Recuerda comerlas crudas o cocinándolas usando métodos bajo en grasa como el vapor. Cada pequeño cambio puede tener un gran impacto.",No hay beneficio comúnmente reconocido en aumentar la ingesta de frutas y verduras por encima de lo mínimo necesario para satisfacer las necesidades nutricionales.
"Me siento mal porque no sé cómo incluir más frutas y verduras en mi dieta, ayúdame.",Lamento que te sientas así. Nunca es demasiado tarde para empezar a incorporar más frutas y verduras en tu dieta. Recuerda comerlas crudas o cocinándolas usando métodos bajo en grasa como el vapor. Comienza poco a poco; cada esfuerzo cuenta y puede ayudarte a sentirte mejor con el tiempo.,Ajusta tu dieta para incluir más frutas y verduras.
He escuchado que la fruta entera es mejor que el jugo. ¿Por qué es eso?,"Es genial que estés interesado en comer saludablemente. La fruta entera es mejor que el jugo porque contiene fibra, lo cual ayuda a sentirte lleno.¡No te prohibas de tomar jugos pero trata de optar por frutas enteras!",La fruta entera tiene más fibra y nutrientes que el jugo porque se conservan mejor en la piel natural.
¿Por qué debería elegir fruta entera en lugar de jugo?,"Elegir fruta entera sobre jugo es beneficioso porque la fruta contiene fibra que se pierde durante el proceso de extracción del jugo. Además, la fibra ayuda a sentirte lleno.",La fibra en la fruta ayuda a regular las bacterias en el intestino. El jugo no tiene esta ventaja.
¿Y si ya he estado tomando mucho jugo? ¿Debería preocuparme por eso?,"Si has estado consumiendo mucho jugo, considera reducir su ingesta y optar por la fruta entera en su lugar. Mientras el jugo sea 100% natural tiene menos riesgos, pero la fruta entera te proporcionará más fibra, ayudándote a sentirte más lleno después de comerla.","Si consumes mucho jugo, es posible que lo estés haciendo en exceso."
Estoy aprendiendo sobre snacks saludables. ¿Es mejor comer fruta entera o deshidratada?,"¡Eso es genial! La fruta entera es generalmente mejor porque te da un snack más grande por la misma cantidad de calorías que la fruta deshidratada. Por ejemplo, puedes comer una taza de uvas por aproximadamente 100 calorías, mientras que solo obtienes un cuarto de taza de pasas por esa misma cantidad calórica.",La fruta entera tiene más nutrientes y menos azúcares añadidos.
¿Cuál es la diferencia entre comer fruta entera y fruta deshidratada?,"La principal diferencia es el contenido calórico y la cantidad; la fruta entera ofrece un snack más voluminoso por menos calorías comparado con la fruta deshidratada. Por ejemplo, una taza de uvas tiene aproximadamente 100 calorías, mientras que un cuarto de taza de pasas tiene las mismas calorías pero menos volumen.","La principal diferencia son los contenidos nutricionales. La fruta entera contiene más fibra y vitaminas comparado con la deshidratada, que puede contener aditivos y conservantes."
¿Debería preocuparme si he estado comiendo mucha fruta deshidratada?,"Si has estado consumiendo mucha fruta deshidratada, considera equilibrar tu dieta incluyendo más fruta fresca para obtener mayor volumen sin tantas calorías concentradas.","No es necesario preocuparse, la fruta deshidratada tiene valor nutricional."
¿Qué truquitos saludables me recomiendas para mejorar mis recetas?,"¡Qué buena actitud! Puedes usar sopas bajas en grasa, sustituir quesos por opciones light y saltear con un poco de aceite o spray antiadherente. También, si usas carne molida, busca la opción baja en grasa y drénala bien después de cocinarla. ¡Ah! Y recuerda que los vegetales frescos siempre son una gran guarnición sin crema ni mantequilla. ¡Tu creatividad será tu mejor aliada!","Sopas bajas en grasa, sustituyes quesos por opciones light, saltea con aceite o spray antiadherente y escoge carne molida baja en grasa. Los vegetales frescos son una buena guarnición."
¿Qué recomendaciones básicas puedo seguir para preparar comida más saludable?,"Lo ideal es simplificar: opta por quesos bajos en grasa, sopas bajas en sodio, y en vez de frituras, hornea o saltea con poco aceite. Si haces carne molida, retira el exceso de grasa. Los vegetales frescos o congelados, sin añadidos como crema o queso, siempre son una excelente elección para tus platos.",La comida saludable incluye menos grasas y sodio. Opta por quesos bajos en grasa y sopas bajas en sodio. Hornea o saltea con poco aceite. Los vegetales sin añadidos son una buena opción.
¡No sé cómo cocinar sin echarle cosas que engordan! ¿Qué hago?,"¡Tranquilo! Pequeños cambios pueden hacer una gran diferencia. Por ejemplo, usa quesos bajos en grasa, cocina tus vegetales al vapor o salteados con spray antiadherente, y si usas carne, elige opciones magras y quita el exceso de grasa. Estos pasos son fáciles de seguir, ¡y te sentirás mejor al cocinar y comer! Ojo se trata de salud, no de la apariencia física.",Usa quesos bajos en grasa.
Cocinar sano parece tan complicado... ¿puedo hacer algo fácil y saludable?,"Claro que sí, y no te preocupes, no necesitas hacer cambios drásticos. Usa vegetales congelados o frescos como guarnición, y cocina con menos grasa, horneando o salteando con poquito aceite. Cada pequeño cambio que hagas es un logro. ¡Vas a ver que con el tiempo te sentirás más motivado!","Puedes usar vegetales congelados o frescos como guarnición y cocinar con menos grasa, horneando o salteando con un poco de aceite."
"Me encanta salir, ¿cómo puedo disfrutar sin descuidar mi salud?","¡Totalmente posible! Puedes compartir un plato con un amigo, pedir opciones más ligeras del menú, o incluso guardar la mitad para llevar a casa. Así disfrutas tu salida sin preocupaciones. ¡Disfruta cada bocado!","Para disfrutar de salir sin afectar tu salud, opta por opciones ligeras y come en menor medida."
¿Qué opciones prácticas tengo para cuidar mi salud al comer fuera?,"Planifica con anticipación buscando menús saludables, pide porciones pequeñas o comparte tu plato. Otra opción es comer la mitad y guardar el resto para llevar. Es cuestión de elegir con equilibrio.","Puedes planificar tus comidas, buscar opciones saludables en menús o pedir porciones más pequeñas. También puedes comer menos y guardar el resto."
¿Y si no encuentro opciones saludables? ¡Me da miedo descuidarme cuando como fuera!,"¡Calma! Antes de ir, revisa el menú del restaurante. Si no hay opciones ligeras, comparte el plato o lleva la mitad a casa o busca otro restaurante. Comer fuera no tiene que ser un problema si planeas un poquito.",No es necesario revisar todos los menús para encontrar opciones saludables. Puedes optar por restaurantes que teen menus saludables o hacer pedidos especiales.
Comer en restaurantes siempre me hace sentir culpable… ¿algún consejo?,"No te castigues, comer fuera también puede ser saludable. Comparte platos o elige opciones más ligeras. Comer la mitad y guardar el resto también es una solución práctica. Lo importante es disfrutarlo sin remordimientos aun cuando lo que comes no sea lo más sano. Mientras no sea todos los días está bien darse un gustito.","Eres una persona que come fuera regularmente, esto no es bueno para tu salud. La comida no es algo que debas sentir culpable por disfrutar, pero si lo haces, puede tener consecuencias negativas en tu cuerpo."
¡Amo picar cosas ricas! ¿Qué snacks saludables me recomiendas?,"¡Genial que pienses en opciones saludables! Prueba frutas frescas o enlatadas sin azúcar, zanahoria o apio picados, yogur bajo en grasa, y frutos secos como nueces. ¡Hay tantas opciones que nunca te aburrirás!",Frutas frescas o enlatadas sin azúcar. Zanahoria o apio picados. Yoghur bajo en grasa. Frutos secos como nueces.
¿Qué opciones de snacks puedo tener en casa o llevar al trabajo?,"Unos clásicos saludables son frutas frescas, vegetales como zanahorias o pepinos, yogur bajo en grasa, y frutos secos. También puedes incluir galletas integrales o queso bajo en grasa.","Frutas, vegetales, yogur, queso, galletas."
Siempre termino picando cosas poco saludables… ¿qué puedo comer para evitarlo?,"Llena tu despensa con opciones sanas como frutas frescas, yogurt bajo en grasa, o vegetales cortados. Si tienes algo listo y nutritivo a la mano, será más fácil evitar las tentaciones.",Come alimentos integrales y sin azúcares añadidos.
Me cuesta mucho encontrar algo que me guste y sea sano… ¿qué puedo probar?,"A veces solo hace falta un poco de variedad. Intenta con frutas frescas, frutos secos, yogures bajos en grasa, vegetales picados, queso fresco bajo en grasa o galletas integrales. ¡Cosas simples pero ricas pueden alegrarte el día!","Puedes intentar frutas frescas, vegetales picados y yogures bajos en grasa."
¡Amo los snacks! ¿Cómo puedo controlar cuánto como?,"¡Qué bueno que disfrutes tus snacks! Sirve porciones pequeñas en un plato en lugar de comer directamente del paquete. Además, guarda los menos saludables en un lugar menos visible y ten a la mano los saludables. ¡Así sigues disfrutando sin preocupaciones!",Serve las porciones en un plato para controlar la cantidad. Los alimentos saludables deberían estar más accesibles que los menos saludables.
¿Cómo evito comer demasiados snacks en un solo momento?,"Lo mejor es medir tu porción antes de comer, colocando solo lo que planeas consumir en un recipiente. También, mantén las opciones menos saludables fuera de la vista y prioriza las saludables en lugares accesibles.",Mede las porciones antes de consumirlas. Mantén opciones no saludables fuera del alcance.
¡Siempre termino comiendo más de lo que debería! ¿Qué puedo hacer?,"No te agobies. Pon en un plato la cantidad que planeas comer y guarda el resto lejos de tu vista. Además, ten cerca opciones más saludables, como frutas o galletas integrales, para evitar excesos.",Puedes intentar reducir tu porción en cada comida.
Me cuesta mucho controlar cuánto como… ¿hay algo que me ayude?,"No te preocupes, es algo que puedes mejorar poco a poco. Sirve porciones pequeñas en un plato y guarda el resto para después. Ten a la mano snacks saludables, y evita tener snacks poco saludables a simple vista. ¡Cada paso cuenta!",Controlar las porciones es una cuestión de conciencia alimentaria. Usa un medidor de porciones para apuntar el tamaño adecuado y evita comer mientras miras la televisión o trabajas.
¡Quiero ser más saludable! ¿Cómo empiezo a cambiar mis hábitos?,"¡Me encanta tu entusiasmo! Empieza por reflexionar sobre tus costumbres: ¿comes rápido? ¿sueles saltarte comidas? Luego, identifica algunos patrones y trata de bsucar formas de evitar lo que te cause comer de forma no saludable. Pero si son cosas que escapan de tu control, como una reunión de trabajo, fíjate si puedes hacer pequeños cambios como sugerir un restaurante saludable.  ¡Vas por buen camino!",Comienza identificando patrones en tus hábitos alimenticios y evita situaciones que te llevan a comer de forma no saludable.
¿Qué pasos puedo tomar para cambiar mis hábitos alimenticios?,"Reflexiona sobre tus patrones alimenticios, como comer por aburrimiento o sin hambre, quizá tomando notas en un diario. Planea tus comidas con tiempo y crea un entorno que te motive a elegir opciones saludables y a evitar las opciones no saludables.",Toma notas sobre tus patrones de alimentación. Planifica tus comidas. Crea un ambiente que te haga elegir alimentos saludables.
¡Tengo tantos malos hábitos alimenticios que no sé por dónde empezar!,"No te preocupes. Puedes aprender a comer más saludablemente. Intenta observar tus patrones de alimentación como cuándo comes sin estar con hambre o por aburrimiento. Identifica patrones, y genera cambios en tu vida que te motiven a escoger opciones saludables y que te ayuden a evitar opciones no saludables.",Comer mal es un problema de hábitos. Observa tus patrones de alimentación. Identifica hábitos que necesitas cambiar. Cambia esos hábitos.
Siento que mis hábitos alimenticios son tan malos que no puedo cambiar… ¿qué puedo hacer?,"No te desanimes. Llevar un diario de alimentos donde registren cuánto comes, qué cosa comes y por qué comes por ejemplo por aburrimiento o por ansiedad te ayudará a ser consciente de tus hábitos alimenticios y propiciar cambios al respecto. De esa manera podrás saber cómo motivarte a elegir opciones saludables y evitar opciones no saludables.",Escribe un diario de alimentos.
¡Estoy emocionado por mejorar mi relación con la comida! ¿Qué consejos me das para comer mejor?,"¡Qué alegría que estés motivado! Intenta comer despacio, minimiza las distracciones mientras comes evitando el celular o la televisión, baja el tenedor entre bocados y comparte tu comida con amigos. También, come solo cuando tengas hambre y planea tus comidas con anticipación. ¡Cada paso te acerca a tus metas!",Come despacio y evita distracciones. Baja el tenedor entre bocados. Planea tus comidas.
¿Cómo puedo ser más consciente al comer?,"Come despacio, reduce las distracciones como el celular o la televisión, y prioriza comer solo cuando tengas hambre. Además, planificar tus comidas puede ayudarte a mantenerte en el camino.",Come solo cuando estés realmente hambriento y no te distraigas como para comer más de lo que necesitas.
Me cuesta mucho controlar lo que como… ¿cómo puedo mejorar?,"¡No te preocupes! Comer despacio y ser consciente de cada bocado puede ayudarte mucho, para lo cual también puedes evitar la televisión y el celular mientras comes. Además, trata de planificar tus comidas con tiempo, comer en compañía y busca formas de manejar la ansiedad.","Para controlar lo que comes, come despacio."
Siempre siento que como de más o sin ganas… ¿qué puedo hacer?,"No te desanimes, pequeños pasos pueden marcar la diferencia. Come solo cuando tengas hambre y evita distracciones mientras comes. Planea tus comidas, baja los cubiertos entre bocados, comparte la comida con amigos y celebra cada avance, por pequeño que sea. ¡Lo estás haciendo bien!","Come solo cuando tengas hambre, evita distraerte mientras comes y planifica tus comidas."
¡Ya estoy haciendo cambios saludables! ¿Cómo me mantengo motivado?,"¡Eso es increíble! Reconoce tus logros, por pequeños que sean, y date crédito por cada esfuerzo. Recuerda que un error no elimina todo tu progreso. ¡Sigue adelante, estás haciendo un gran trabajo!",Mantenerse motivado implica seguir las metas establecidas y no dejar de hacer cambios saludables.
¿Qué puedo hacer para seguir construyendo hábitos saludables?,"Refuérzate reconociendo tus avances y no te desanimes por errores ocasionales. Los hábitos toman tiempo, así que sé paciente y constante.","Reconoce tus progresos y sigue adelante, incluso cuando cometes errores."
"Siento que si fallo una vez, todo mi esfuerzo se pierde… ¿qué hago?","¡Es normal sentirte así, pero no es cierto! Un error no borra tus logros. Enfócate en lo que ya has logrado y recuerda que cada día es una nueva oportunidad para continuar. Y no olvides recompensarte por tu esfuerzo.","Repetir errores puede llevar a mejorar tus habilidades, pero es mejor no enfocarse en el error mismo y en su posible impacto en tus logros."
"He tratado de cambiar, pero a veces fallo y me siento mal… ¿qué puedo hacer?","No te castigues, el cambio lleva tiempo. Celebra tus avances y recuerda que cometer errores es parte del proceso. Sigue intentando, cada esfuerzo cuenta.",El cambio es un proceso gradual que requiere constancia y perseverancia. Cometer errores es parte de este proceso. Mantén la disciplina en tus esfuerzos y no te rindas.
¡Quiero aprender más sobre el cannabis! ¿Qué es exactamente?,"El cannabis, también conocido como marihuana o ""weed"", proviene de las flores, hojas y semillas de la planta de cannabis. Contiene compuestos como THC, que genera un ""high"", y CBD, que en sí mismo no lo hace. Es genial que tengas curiosidad por informarte.","El cannabis es una planta que produce flores, hojas y semillas. Contiene THC y CBD, dos compuestos con efectos diferentes."
¿Qué incluye el cannabis y cómo funciona?,"El cannabis contiene más de 100 compuestos, incluyendo THC, que puede afectar la mente, y CBD, que en sí mismo no. Estos compuestos interactúan de distintas formas en el cuerpo.","El cannabis contiene más de 100 compuestos, incluyendo THC, que altera la percepción, y otros que no afectan el cerebro."
Escuché cosas preocupantes sobre el cannabis. ¿Qué es?,"Entiendo, es una sustancia que puede afectar tu cuerpo de diversos maneras. Específicamente, el cannabis también conocido como marihuana o weed proviene de la planta de cannabis. El cannabis contiene THC, que puede alterar la mente, y CBD, que no genera en sí mismo el ""high"".",Es una sustancia que proviene de una planta.
"Quiero aprender a usar el cannabis de forma más responsable, ¿hay maneras seguras?","¡Es genial que te preocupes por ser responsable! Sin embargo, cualquier producto con THC puede tener riesgos, como afectar la memoria o la toma de decisiones. Lo mejor es informarte y evaluar bien antes de consumir.",No hay maneras seguras de consumir cannabis con THC.
¿Hay formas más seguras de consumir cannabis?,"Aunque la forma de consumir puede influir en los efectos, cualquier uso de THC tiene riesgos, como problemas de memoria, atención y toma de decisiones.","Las formas de consumo de cannabis no ofrecen mayores beneficios para la seguridad. Cada método de ingestión puede alterar la experiencia del usuario pero no garantiza un uso más seguro. Los riesgos asociados con el THC persisten, incluyendo problemas de memoria, atención y toma de decisiones."
Me preocupa consumir cannabis. ¿Hay maneras de hacerlo sin riesgos?,"El THC tiene riesgos sin importar la forma en que se consuma, como afectar la memoria y la atención. Si estás preocupado, considera hablar con un profesional para explorar alternativas más seguras.","El consumo de cannabis puede tener efectos negativos sobre la salud mental y física. Las personas que consumen cannabis regularmente pueden experimentar problemas de memoria y atención. Si decides consumir, es importante ser consciente de los riesgos potenciales."
"A veces consumo cannabis para sentirme mejor, pero no sé si es seguro.",Es importante cuidar tu bienestar. El THC puede tener riesgos para la salud mental y física. Hablar con alguien de confianza o un especialista podría ser una buena idea.,El consumo de cannabis puede tener efectos en el cerebro y el cuerpo.
Quiero saber más sobre cómo afecta el cannabis. ¿De qué dependen los efectos?,"¡Buena pregunta! Los efectos dependen de tu experiencia previa, genética, sexo, cómo lo consumes, cuánto usas, la frecuencia, y si lo combinas con otras sustancias.","Los efectos del cannabis dependen de factores como edad, peso, composición física, salud general y estado de ánimo."
¿Qué factores influyen en los efectos del cannabis?,"Los efectos varían según la biología de cada persona, la cantidad consumida, la frecuencia, la forma de administrarla y si se combina con otras sustancias.","Biología individual, cantidad y frecuencia de consumo, método de administración y presencia de otras sustancias."
Me preocupa no saber cómo me puede afectar el cannabis. ¿De qué depende?,"Los efectos pueden depender de factores como tus genes, experiencia previa, la cantidad de droga consumida, la frecuencia de consumo y si lo usas junto con otras sustancias. Hablar con un profesional puede ayudarte a tomar decisiones informadas.","Los efectos del cannabis dependen de factores como tus genes, experiencia previa, cantidad y frecuencia de consumo."
Siento que el cannabis no siempre me ayuda. ¿Por qué puede ser?,"El cannabis puede afectar a cada persona de manera diferente según su biología y uso. Si tienes dudas, conversar con un especialista podría ser útil.","La respuesta al consumo de cannabis puede variar debido a factores como la dosis, el tipo de cannabis, la frecuencia de uso y la salud individual."
"He escuchado que el cannabis puede ser adictivo, ¿es cierto?","¡Es bueno que te informes! Sí, 3 de cada 10 personas que consumen cannabis pueden desarrollar trastorno por uso de cannabis, lo que significa que pueden tener dificultad para dejarlo y afectar diversas áreas de sus vidas.",El cannabis puede causar dependencia en algunas personas.
¿El cannabis puede causar adicción?,"Sí, alrededor del 30% de los consumidores pueden desarrollar una dependencia. Algunos síntomas incluyen dificultad para dejarlo o priorizar el consumo sobre otras actividades importantes.","El cannabis puede causar adicción, aunque la frecuencia y gravedad de este problema varían según el individuo y su nivel de consumo."
Estoy preocupado de que pueda ser adicto al cannabis. ¿Es posible?,"Sí, el uso frecuente puede llevar a dependencia en algunas personas. Si sientes que el cannabis está afectando tu vida o si intentas dejarlo pero no puedes, buscar apoyo profesional podría ayudarte.","Sí, el uso frecuente del cannabis puede llevar a dependencia."
Creo que no puedo dejar el cannabis aunque lo intente… ¿es normal?,"Puede ser un signo de dependencia, lo cual es más común de lo que crees. Hablar con un profesional o alguien de confianza podría ser un gran primer paso.",No hay relación entre el consumo de cannabis y la capacidad de dejar de fumar.
¿Qué sucede si mezclo cannabis con alcohol?,"¡Es excelente que lo preguntes! Mezclar cannabis con alcohol puede aumentar los efectos de ambos, lo que eleva el riesgo de accidentes o daño físico. Es más seguro evitar consumirlos juntos.","Mezclando cannabis y alcohol puede potenciar sus efectos, lo que aumenta el riesgo de accidentes y daños físicos."
¿Es peligroso combinar cannabis y alcohol?,"Sí, usar cannabis y alcohol al mismo tiempo puede causar mayor deterioro en las funciones cognitivas y aumentar los riesgos de accidentes.",Combina el consumo de cannabis y alcohol a tu riesgo.
Me preocupa mezclar cannabis y alcohol. ¿Qué puede pasar?,"Combinar cannabis y alcohol puede causar más deterioro del que esperas y desembocar en accidentes o daño físico. Si tienes dudas, es mejor evitar esta combinación para mantenerte seguro.",Mezclar cannabis y alcohol puede aumentar el riesgo de accidentes y daños físicos debido a la potenciación de efectos y la disminución de la coordinación y la toma de decisiones.
"A veces mezclo cannabis y alcohol para sentirme mejor, pero no sé si es seguro.",La combinación de cannabis y alcohol puede ponerte en riesgo de más daño. Hablar con alguien de confianza o un especialista sobre esto podría ayudarte a sentirte más tranquilo.,No te recomiendo mezclar cannabis y alcohol.
¿Es seguro usar cannabis con tabaco?,Usar cannabis y tabaco juntos puede aumentar los riesgos pulmonares y cardiovasculares. ¡Es mejor mantenerse informado y buscar opciones más saludables!,No hay evidencia científica que respalde la idea de que el consumo combinado de cannabis y tabaco sea seguro. El uso de estos productos puede aumentar los riesgos de enfermedades pulmonares y cardiovasculares.
¿Qué efectos puede tener combinar cannabis con tabaco?,El uso conjunto de cannabis y tabaco puede exponer a más químicos dañinos que afectan la salud pulmonar y cardiovascular.,"Combina el consumo de cannabis y tabaco, aumenta el riesgo de enfermedades pulmonares y cardiovasculares."
Estoy preocupado por los riesgos de mezclar cannabis y tabaco. ¿Qué debo saber?,Combinar cannabis y tabaco puede ser más dañino para los pulmones y el corazón. Es importante buscar formas más saludables de relajarse.,El consumo combinado de cannabis y tabaco aumenta el riesgo de problemas respiratorios y cardíacos debido a la interacción adversa entre los dos.
"Uso cannabis y tabaco juntos, pero siento que no me hace bien. ¿Qué puedo hacer?",Mezclar tabaco con cannabis puede dañar tu salud más de lo que imaginas. De hecho impacta negativamente en tus pulmones y corazón. Buscar apoyo de un profesional o alguien de confianza puede ayudarte a explorar alternativas más seguras.,No recomiendo el uso conjunto de cannabis y tabaco.
¿Puedo usar cannabis si estoy tomando medicamentos?,"¡Es excelente que estés pensando en tu salud! Hablar con tu médico sobre el uso de cannabis y medicamentos es clave para evitar interacciones no deseadas, ya que usar cannabis puede alterar cómo es que actúan esos medicamentos en tu cuerpo.",No se recomienda el uso de cannabis si estás tomando medicamentos sin hablar con tu médico.
¿El cannabis afecta cómo funcionan los medicamentos?,"Sí, el cannabis puede alterar cómo funcionan ciertos medicamentos. Siempre consulta con tu médico antes de combinar sustancias.",El cannabis puede interactuar con algunos medicamentos y cambiar su efecto o incrementar los riesgos de efectos secundarios. Consulta a un profesional de la salud.
Estoy preocupado por usar cannabis y tomar medicamentos. ¿Es seguro?,El cannabis puede cambiar los efectos de algunos medicamentos. Hablar con un médico te dará más seguridad sobre cómo proceder.,"El uso de cannabis puede interactuar con ciertos medicamentos, por lo que es recomendable consultar a un profesional de la salud antes de tomar cualquier medicamento."
"Uso medicamentos y cannabis, pero no sé si es seguro. ¿Qué puedo hacer?","Si tomas medicamentos, el cannabis puede afectarlos de forma inesperada. Hablar con un profesional es un paso importante para protegerte y sentirte mejor.",No puedes dejar de tomar tus medicamentos sin consultar a un médico.
¿Qué efectos puede tener el THC en mi mente?,"¡Qué bien que quieras saber más! El THC puede afectar la memoria, el aprendizaje y la atención así como la velocidad con la que procesas la información y ciertas funciones motoras y del lenguaje.","El THC puede afectar la memoria, el aprendizaje, la atención y la velocidad de procesamiento de la información. También puede influir en las funciones motrices y lingüísticas."
¿Qué consecuencias puede tener el THC para mi salud mental?,"El THC puede afectar negativamente la memoria, el aprendizaje y la atención así como la velocidad con la que procesas la información y ciertas funciones motoras y del lenguaje.","El uso de THC puede causar cambios en la función cerebral que pueden afectar la memoria, el aprendizaje y la atención. También puede afectar la salud mental generalmente."
Estoy preocupado por los efectos cognitivos del THC. ¿Qué debo saber?,"El THC puede causar problemas en el aprendizaje, la memoria, la atención, la velocidad del procesamiento y algunas funciones motoras, perceptuales y del lenguaje. Hablar con un experto puede ayudarte a despejar tus dudas.","El THC puede afectar el cerebro de varias maneras, causando problemas con el aprendizaje, la memoria, la atención y otras funciones cognitivas."
He notado que mi uso de THC me está afectando cognitivamente. ¿Es posible? ¿Qué debería hacer?,"El THC puede causar problemas en la salud física y las funciones cognitivas como la memoria, la atención y el aprendizaje. Hablar con un profesional de la salud podría ser un buen paso para cuidarte.",El consumo de THC puede afectar algunas personas de manera diferente que otras.
¿Qué efectos puede tener el THC en mi cuerpo?,"¡Qué bien que quieras saber más! El THC puede dañar los pulmones, generar problemas respiratorios, aumentar los latidos cardíacos. Además, se asocia con problemas gastrointestinales, e incremento de riesgo de cáncer.",El THC puede dañar los pulmones y generar problemas respiratorios. Aumenta los latidos cardíacos. Se asocia con problemas gastrointestinales y un mayor riesgo de cáncer.
¿Qué consecuencias puede tener el THC para mi salud física?,"El THC puede afectar negativamente a los pulmones, y al corazón. Además, se asocia con problemas gastrointestinales e incrementa el riesgo de cáncer.",El THC puede causar daño pulmonal. También puede afectar el ritmo cardíaco y aumentar los síntomas del ácido estomagal. Hay evidencia limitada que sugiere un vínculo entre el uso de THC y el desarrollo de ciertos tipos de cáncer.
Estoy preocupado por los efectos físicos del THC. ¿Qué debo saber?,"El THC puede afectar negativamente a los pulmones, y al corazón. Además, se asocia con problemas gastrointestinales e incrementa el riesgo de cáncer. Hablar con un experto puede ayudarte a despejar tus dudas.","El THC puede causar daño pulmonar y afectar el corazón, además de asociarse con problemas gastrointestinales."
He notado que mi uso de THC me está afectando físicamente. ¿Es posible? ¿Qué debería hacer?,"El THC puede causar problemas en la salud cognitiva y en el cuerpo. Puede afectar negativamente a los pulmones, y al corazón. Además, se asocia con problemas gastrointestinales e incrementa el riesgo de cáncer. Hablar con un profesional de la salud podría ser un buen paso para cuidarte.",El THC puede causar efectos físicos. Los pulmones y el corazón pueden verse afectados. También puede provocar problemas gastrointestinales. Un profesional de la salud podría ofrecerte orientación sobre cómo manejar estos efectos.
¿Cómo puedo asegurarme de no correr riesgos si uso sustancias y necesito manejar?,"¡Buena pregunta! Lo mejor es evitar las drogas y reducir el consumo de alcohol. Sin embargo, si planeas usarla es mejor planificar tu transporte con antelación: considera pedir un taxi de confianza o elige un conductor designado. Así reducirás los riesgos a tu salud y tu integridad.",Planifica tus movimientos con anticipación y elige un método seguro de transporte.
¿Qué puedo hacer para evitar accidentes si consumo alcohol o drogas?,"Planifica no conducir, busca transporte seguro como un taxi de confianza, evita subir al carro de alguien que ha tomado o consumido sustancias y maneja, y evita manejar si estás tomando medicamentos que afecten tus reflejos.",No conduzcas si has consumido alcohol o drogas.
Me preocupa causar un accidente si consumo algo. ¿Qué hago?,"Si bebes o usas drogas, organiza un transporte seguro antes, por ejemplo, pidiendo un taxi de confianza. También puedes elegir no conducir o confiar en un conductor designado para evitar riesgos.","Si consumes algo que pueda afectar tu capacidad para conducir, evita conducir o contrata un conductor profesional."
A veces no planeo bien y manejo después de consumir. ¿Qué puedo hacer?,"Siempre es mejor planificar con antelación. Hablar con un amigo para que sea tu conductor designado, usar transporte público, y llamar a un taxi de confianza puede ayudarte a mantenerte seguro.",Puedes comprar alcohol en una tienda cerca de tu casa o aparcarse en un lugar seguro.
¿Qué son los cigarros electrónicos y cómo funcionan?,"¡Es un tema interesante! Son dispositivos operados por baterías que calientan un líquido para producir un aerosol que algunas personas llaman ""vapor"".",Son dispositivos que generan un vapor. Funcionan calentando un líquido.
¿Qué son los cigarros electrónicos?,"Los cigarros electrónicos, o vapes, son dispositivos que generan un aerosol al calentar un líquido con una batería.",Son dispositivos que calientan un líquido para generar un aerosol.
¿Son peligrosos los cigarros electrónicos? ¿Qué son exactamente?,"Los cigarros electrónicos producen un aerosol que no es vapor de agua, sino una mezcla de partículas que pueden incluir sustancias dañinas.",No se sabe si son peligrosos. Son dispositivos electrónicos que inhalan líquidos y conviertenlos en un vapor.
"He empezado a usar cigarros electrónicos, pero no sé mucho de ellos. ¿Qué son?","Son dispositivos que generan un aerosol al calentar líquidos, pero ese aerosol puede contener sustancias dañinas. Es importante informarse más para tomar decisiones saludables.",Son dispositivos eléctricos que calientan líquidos y generan un aerosol.
¿Los cigarros electrónicos tienen nicotina?,"¡Buena pregunta! La mayoría contienen nicotina, que es adictiva, y algunos también se usan para consumir cannabis u otras sustancias.",Sí. Contienen nicotina.
¿Los cigarros electrónicos contienen nicotina?,"Sí, típicamente contienen nicotina, el químico adictivo presente en los cigarrillos y productos de tabaco.","Sí, contienen nicotina."
Me preocupa si los cigarros electrónicos que uso tienen nicotina. ¿Es común?,"Sí, la mayoría de los cigarros electrónicos contienen nicotina, incluso si no lo esperas. Es mejor evitar su consumo..","La nicotina es un componente común en muchos productos electrónicos de tabaco, incluidos los cigarros electrónicos. La cantidad y calidad de la nicotina pueden variar entre las marcas y modelos."
"Ya no me siento seguro con nada, ¿los cigarros electrónicos tienen nicotina? Pensé que eran seguros.","Te comprendo. Sí, la mayoría de los cigarros electrónicos contienen nicotina, incluso si no lo esperas. Es mejor evitar su consumo. Sé que puede costar dejarlo, por ello, te recomiendo hablar con un profesional para que te oriente mejor.","Los cigarros electrónicos pueden contener nicotina, algunos productos fuman nicotina pero no todos los productos de vapor."
¿Qué hay dentro del aerosol de los cigarros electrónicos?,"¡Buena pregunta! Además de nicotina, puede contener químicos dañinos como metales pesados, partículas pequeñas, compuestos orgánicos volátiles y saborizantes que no son seguros para inhalar.",El aerosol de los cigarros electrónicos contiene nicotina y otros químicos.
¿Qué sustancias contiene el aerosol de los cigarros electrónicos?,"Puede incluir nicotina, químicos cancerígenos, metales pesados como plomo, y compuestos volátiles que pueden ser perjudiciales para la salud de los pulmones.","No se recomienda el uso de aerosoles de cigarros electrónicos. Estos productos contienen sustancias como nicotina, químicos cancerígenos y metales pesados."
Estoy preocupado por lo que hay en los cigarros electrónicos. ¿Qué contienen realmente?,"Comprendo. El aerosol de los cigarros electrónicos puede incluir químicos dañinos, como nicotina, metales pesados y sustancias cancerígenas. Es importante saber lo que estás inhalando porque pueden dañar tus pulmones.","El aerosol de los cigarros electrónicos contiene dióxido de carbono, agua, nicotina y una variedad de químicas."
He estado usando cigarros electrónicos y no sabía que podrían ser dañinos. ¿Qué contienen?,Pueden contener sustancias perjudiciales como nicotina y químicos que afectan los pulmones. No es tarde para buscar alternativas más saludables.,Nicotina y químicos.
¿Son seguros los cigarros electrónicos que dicen no tener nicotina?,"¡Es bueno cuestionarlo! Algunos productos etiquetados como ""sin nicotina"" han demostrado contenerla. Siempre es mejor verificar fuentes confiables o evitar consumirlas.","Algunos cigarros electrónicos pueden contener nicotina, incluso si se etiquetan como sin ella. Es importante verificar la información a través de fuentes confiables antes de consumirlos."
¿Qué pasa si un cigarro electrónico dice que no tiene nicotina?,"Algunos productos etiquetados como ""0 nicotina"" en realidad han mostrado contenerla. Es difícil saber exactamente qué contienen.","Algunos productos etiquetados como sin nicotina pueden contener la hormona del tabaco, que es muy similar a la nicotina y puede causar adicción."
¿Puedo confiar en los cigarros electrónicos que dicen no tener nicotina?,No siempre. Algunos productos han sido encontrados con nicotina aunque digan lo contrario. Es mejor ser precavido.,Algunos cigarros electrónicos pueden contener nicotina a pesar de su declaración.
"Creía que usaba cigarros electrónicos sin nicotina, pero parece que podrían contenerla. ¿Es cierto?","Es posible. A veces los productos etiquetados como ""sin nicotina"" tienen pequeñas cantidades. No te desanimes, informarte es un buen primer paso, pero si puedes evitarlos sería genial.",Pueden contener cantidades insignificantes de nicotina.
¿Por qué los cigarros electrónicos se sienten diferentes a los tradicionales?,"¡Buena observación! Los cigarros electrónicos a menudo usan sales de nicotina, que permiten consumir más nicotina sin la sensación áspera de los cigarrillos comunes.",Los cigarros electrónicos contienen sales de nicotina.
¿Por qué me siento diferente al usar cigarros electrónicos en lugar de cigarrillos?,"Los cigarros electrónicos suelen contener sales de nicotina, que permiten absorber mayores niveles de nicotina con menos irritación.",La nicotina es un estimulante del sistema nervioso central. Su consumo puede alterar tu estado de ánimo y comportamiento.
¿Es normal no sentir lo mismo con los cigarros electrónicos que con los cigarrillos?,"Sí. Esto se debe a que contienen sales de nicotina, que facilitan consumir más nicotina sin las sensaciones ásperas de los cigarrillos tradicionales.","La respuesta puede variar según el contenido de la pregunta y su contexto. Sin embargo, en este caso, la respuesta no alineada sería:  Los cigarros electrónicos contienen nicotina, lo que afecta cómo se perciben en comparación con los cigarrillos tradicionales."
"Me siento más tranquilo al usar cigarros electrónicos, no se siente tan igual que cuando fumo los cigarros tradicionales. Parece que es mejor, ¿no?","Los cigarros electrónicos usan sales de nicotina, lo que cambia la forma en que tu cuerpo percibe la nicotina, ya que no se siente tan áspera como cuando la recibes de cigarros tradicionales. Reflexionar sobre esto puede ayudarte a tomar mejores decisiones.","No, los cigarros electrónicos contienen salicilato de nicotina, que es diferente del tabaco y puede afectar tu cuerpo de manera distinta."
¿Cuáles son las consecuencias de usar vapes?,"¡Es genial que estés informándote! Los vapes pueden contener nicotina, que es adictiva, puede ser tóxica y afecta el desarrollo fetal. Conocer estos riesgos es un buen paso para cuidar tu salud.","El uso de vapes está asociado con riesgos para la salud, incluyendo la adicción a la nicotina y efectos tóxicos en el cuerpo. También hay evidencia de daño cerebral y cardíaco potencialmente graves. Los fumadores de vapes pueden sufrir de problemas respiratorios y cardiacos."
¿Cuáles son las consecuencias de usar vapes?,"Los vapes pueden contener nicotina, una sustancia adictiva. También pueden ser tóxicos y perjudiciales.",Los vapes pueden causar dependencia a través de la ingesta de nicotina.
Me preocupa usar vapes. ¿Qué consecuencias tienen?,"Los vapes pueden contener nicotina, que es altamente adictiva y puede ser tóxica. Además, tienen efectos negativos para el desarrollo fetal. Informarte más puede ayudarte a tomar decisiones más seguras.",Los vapes pueden contener nicotina y otros químicos nocivos que pueden afectar la salud. La nicotina es altamente adictiva y puede causar problemas de salud a largo plazo.
He usado vapes sin saber las consecuencias. ¿Qué me puede pasar?,"Los vapes pueden contener nicotina, que es adictiva y puede ser tóxica. No es tarde para cambiar hábitos y buscar apoyo si lo necesitas.",Uso excesivo de vapes puede provocar daño a los pulmones.
¿Qué beneficios puedo esperar si dejo de fumar?,"¡Dejar de fumar tiene muchos beneficios! Podrías sentir menos ansiedad, depresión y estrés, además de mejorar tu estado de ánimo y calidad de vida.",Menos ansiedad. Menos depresión. Menos estrés. Mejora del estado de ánimo. Mejor calidad de vida.
¿Cuáles son los efectos de dejar de fumar?,"Dejar de fumar reduce la ansiedad, la depresión y el estrés. También mejora el estado de ánimo y la calidad de vida.",Dejar de fumar puede disminuir la presión arterial y reducir el riesgo de enfermedades cardiovasculares. La piel se vuelve más saludable y hay menos posibilidades de cáncer.
"Quiero dejar de fumar, pero me preocupa cómo me sentiré. ¿Qué efectos tiene?","Aunque al principio puede ser difícil, dejar de fumar reduce la ansiedad, la depresión y el estrés con el tiempo, además de mejorar tu calidad de vida.","Dejar de fumar puede reducir los niveles de nicotina en el cuerpo y causar efectos secundarios como irritabilidad, ansiedad o insomnio, pero estos síntomas suelen disminuir con el tiempo."
"He intentado dejar de fumar, pero me cuesta mucho. ¿Hay algún beneficio real?","Te entiendo. Si bien dejar de fumar es difícil al inicio, puede mejorar tu estado de ánimo, tu salud mental y calidad de vida. Si te cuesta, buscar ayuda profesional puede marcar la diferencia.",Dejar de fumar puede reducir el riesgo de enfermedades como cáncer de pulmón y enfermedades cardíacas. También puede mejorar tu salud en general.
¿Qué pasos puedo seguir para dejar el vape?,"¡Es fantástico que quieras dejarlo! Puedes empezar creando un plan, hablando con un profesional y buscando consejería para manejar los síntomas de abstinencia.",Crea un plan y busca ayuda profesional.
¿Cómo puedo dejar el vape?,"Hacer un plan, buscar ayuda profesional y utilizar estrategias para manejar los síntomas de abstinencia pueden ayudarte a dejar el vape con mayor éxito.",Busca ayuda profesional.
Me siento atrapado con el vape. ¿Cómo puedo dejarlo?,"Hablar con un profesional, crear un plan y usar estrategias para los síntomas puede ayudarte a dejar el vape de forma segura y efectiva.",Se recomienda buscar ayuda profesional.
No sé si podré dejar el vape. ¿Qué puedo hacer?,"Dejar el vape es un proceso que requiere apoyo. Hacer un plan, usar estrategias para manejar los síntomas de abstinencia y buscar ayuda profesional puede facilitar el camino. No estás solo en esto.","Dejar el vape es posible mediante la eliminación del producto y aplicando técnicas de manejo del estrés, búsqueda de apoyo o terapia profesional."
¿Qué puedo hacer para dejar de fumar?,"¡Tomar la decisión es un gran paso! Puedes intentar establecer una fecha para dejarlo, reflexionar sobre tus razones para dejarlo (pueden ser económicas, sociales, personales) y planear estrategias específicas como hablar con un profesional.",Establece una fecha para dejar de fumar.
¿Cómo puedo dejar de fumar?,"Considera poner una fecha para dejarlo, analizar tus motivaciones como los gastos en cigarros o el impacto en tu salud, observar los momentos en que tienes más ganas de fumar, y desarrollar estrategias para enfrentarlos como hablar con un profesional.",Dejar de fumar es posible. Puedes encontrar ayuda profesional o seguir algún plan para dejar de fumar.
"Quiero dejar de fumar, pero no sé por dónde empezar. ¿Qué hago?","Comienza estableciendo una fecha, reflexionando sobre tus razones para dejarlo (pueden ser personales, económicas y sociales) y buscando ayuda profesional. Tener un plan puede hacerte sentir más preparado.",Puedes empezar estableciendo una fecha límite para dejar de fumar.
"He intentado dejar de fumar, pero siempre fallo. ¿Qué puedo hacer?","Cada intento es un paso adelante. Reflexionar sobre tus hábitos, tus motivaciones para dejar de fumar, buscar apoyo profesional y tener un plan pueden ayudarte a superar los desafíos.",Intenta de nuevo.
¿Qué puedo hacer cuando tengo ganas de fumar?,¡Es genial que busques alternativas! Recuerda por qué estás dejando de fumar y que esas ganas pasarán. ¡Tú puedes!,Distrénte la mente con actividad física o mental.
¿Cómo puedo manejar las ganas de fumar?,"Esas ganas de fumar pueden ser disparados por recuerdos o situaciones y lugares o personas específicas. Enfócate en tus razones para dejar de fumar y usa estrategias para superarlos, como cambiar de actividad y recordar que las ganas siempre se van.",Las ganas de fumar pueden ser influenciadas por factores ambientales. Identifica los desencadenantes y desarrolla un plan para manejarlos.
Me cuesta mucho manejar las ganas de fumar. ¿Qué puedo hacer?,Comprendo lo difícil que puede ser. Las ganas son temporales. Recuerda que no tienes que ceder y que pasarán. Enfócate en tus razones para dejarlo y busca distracciones saludables. Estas suelen activarse con recuerdos o situaciones y personas específicas que asociaste cuando fumabas. ¡Poco a poco!,Deja de fumar porque es malo para tu salud.
Siento que no puedo resistir las ganas de fumar. ¿Qué hago?,"Comprendo. Estas ganas de fumar se activan por recuerdos o personas, lugares y situaciones específicas. Pero son normales y siempre pasan. Recordar tus motivos para dejar de fumar y buscar apoyo puede ayudarte a superar este momento difícil.",Evitar estos recuerdos y situaciones.
¿Qué se puede hacer para superar los síntomas del síndrome de abstinencia al dejar de fumar?,"¡Es un gran paso estar enfrentando este desafío! Mantenerte ocupado, hacer actividad física y rodearte de personas que no fumen puede hacer que el proceso sea más llevadero. También puede servir terapia conductual psicológica y medicación para dejar de fumar prescrita por un psiquiatra.",Se pueden tomar medicamentos para ayudar a reducir los síntomas. Mantenerse ocupado y hacer actividad física es necesario.
¿Cómo puedo manejar los síntomas de abstinencia al dejar de fumar?,"Algunas estrategias incluyen distraerte con actividades, mantenerte activo físicamente y buscar el apoyo de amigos que no fuman. También te puede servir terapia conductual psicológica y medicación para dejar de fumar prescrita por un psiquiatra.","Mantener una rutina de ejercicios regulares, buscar grupos de apoyo para personas que quieren dejar de fumar."
"Me siento incómodo con los síntomas de dejar de fumar, es una sensación fea y rara, ¿cómo lo manejo?","Es normal sentirse así, pero hay maneras de aliviarlo: distráete con actividades o sal a caminar y pasa tiempo con amigos que no fuman. Mantente enfocado en tu meta de dejarlo. También te puede servir terapia conductual psicológica y medicación para dejar de fumar prescrita por un psiquiatra.","No hay medidas específicas para manejar este sentimiento, puedes tratar de enfocarte en tus objetivos."
"¿Qué hago?  Me está costando mucho, siento sensaciones feas cuando quiero dejar de fumar.","Comprendo lo difícil que puede ser para ti. Recuerda que los síntomas son temporales y puedes superarlo. Mantente ocupado, haz actividades físicas y busca apoyo de personas que no fuman. También te puede servir terapia conductual psicológica y medicación para dejar de fumar prescrita por un psiquiatra. No olvides que un día sin fumar es un logro.",Deja de fumar.
¿Es normal sentirse irritado al dejar de fumar?,"¡Sí, es normal! El cuerpo se está adaptando a no tener nicotina. Respirar profundo y recordar los motivos para dejar de fumar puede ayudar. ¡Es un proceso difícil pero increíble!","Si deja de fumar, es común sentir irritación en el cuerpo debido a la falta de nicotina, lo cual es parte del ajuste del cuerpo a este cambio. Respirar profundamente y recordar los motivos para dejar de fumar puede ayudar a manejar estos síntomas."
¿Por qué estoy irritado después de dejar de fumar?,La irritabilidad es común porque tu cuerpo está acostumbrándose a estar sin nicotina. Respira profundo y enfócate en las razones por las que dejaste de fumar.,"Tu cuerpo experimenta cambios químicos después de dejar de fumar, lo que puede provocar irritabilidad y otros síntomas."
Hace poco dejé de fumar y me siento muy irritado. ¿Qué puedo hacer?,La irritabilidad es parte del proceso de adaptación de tu cuerpo. Toma un momento para respirar profundo y recuerda que este sentimiento pasará.,La irritabilidad suele disminuir en unos días sin fumar.
Hace poco dejé de fumar y estoy irritado. ¿Por qué estoy tan irritado? No sé si puedo con esto.,"Es normal sentirse así, pero la irritación es temporal. Respira profundo y enfócate en tus razones para dejar de fumar. No estás solo en esto.","La irritación es un síntoma del tránsito de sustancias químicas del cuerpo después de dejar de fumar. Su cuerpo se adapta gradualmente, pero no está listo aún."
¿Es normal sentirse inquieto al dejar de fumar?,"¡Sí, es normal! Un poco de actividad física puede ayudar. Caminar un un poco o reducir la ingesta de café también es de gran ayuda.",La incomodidad que sientes después de dejar de fumar generalmente disminuye con el tiempo.
¿Por qué estoy tan inquieto después de dejar de fumar?,Esto sucede porque tu cuerpo está adaptándose a no tener nicotina. Hacer algo de actividad física o limitar el consumo de café puede ayudarte.,Tu cuerpo está reaccionando debido a la ausencia de nicotina.
¿Qué puedo hacer con la inquietud que siento?,"La actividad física puede aliviar esa sensación de inquietud. Levántate, camina o considera reducir la cafeína si consumes mucho. Sé que es difícil pero poco a poco podrás lograrlo.",Escribe sobre tus pensamientos en un diario.
No puedo dejar de sentirme inquieto. ¿Qué hago?,Sentirse inquieto es temporal. Hacer actividad física o reducir el café puede ayudarte. Sé amable contigo mismo en este proceso. ¡Tú puedes!,Puedes intentar hacer ejercicio o reducir tu consumo de café.
¿Cómo se puede mejorar la concentración después de dejar de fumar?,"¡Paciencia! La paciencia es la clave. En los primeros días, hay que evitar tener actividades que requieran mucha concentración. Esto mejorará con el tiempo.",La concentración mejora con el tiempo debido a la recuperación de los nervios y las funciones del cerebro afectadas por la nicotina.
¿Qué puedo hacer si tengo dificultad para concentrarme?,Intenta darte un margen de tiempo y evita tareas que requieran mucha atención en los primeros días. Es un efecto temporal.,Toma notas o utiliza herramientas de gestión del tiempo para organizar tus tareas.
No me puedo concentrar después de dejar de fumar. ¿Qué hago?,"Es normal en los primeros días. Intenta no presionarte demasiado y planifica actividades que no requieran mucha concentración al menos por un tiempo, si te es posible.",El efecto del tabaco en el sistema nervioso puede durar más de un día.
: Me cuesta mucho concentrarme. ¿Es normal? Por eso me dan ganas de seguir fumando.,"Sí, es normal al principio. Date tiempo y evita exigirte demasiado. Cada día mejora un poco más.","No, no es normal."
¿Qué se puede hacer para dormir mejor después de dejar de fumar?,"¡Dormir bien es importante! Intenta evitar cafeína por la tarde, apaga pantallas antes de dormir y mantén una rutina regular de sueño así como una habitación cómoda para ti.",Evita consumir cafeína y pantallas antes de acostarte. Mantener una rutina regular de sueño puede ayudar.
¿Cómo manejo los problemas de sueño al dejar de fumar?,"Reduce la cafeína en la tarde, mantén tu habitación cómoda y establece un horario de sueño regular. Si usas parche de nicotina, quítalo una hora antes de dormir.","Reducir el consumo de cafeína en la tarde es una estrategia posible. Mantener la habitación libre de distracciones y establecer un horario regular del sueño puede ayudar a regular los patrones de sueño. Los parches de nicotina no deben ser utilizados antes de dormir, ya que pueden provocar insomnio."
No puedo dormir bien después de dejar de fumar. ¿Qué puedo hacer?,"Prueba reducir cafeína por la tarde, hacer algo de actividad física durante el día y mantener una rutina de sueño consistente. Si usas parche de nicotina, quítalo una hora antes de dormir. Verás que pronto tu calidad de sueño mejorará.","Reduce cafeína por la tarde, haz actividad física durante el día y mantén una rutina de sueño consistente. Quita parche de nicotina una hora antes de dormir."
Mis problemas de sueño no mejoran. ¿Qué hago? Yo sabía que no debía dejar de fumar.,Comprendo tu frustración. Es común al dejar de fumar. Intenta mantener una rutina relajante antes de dormir y ajustar tus hábitos de cafeína evitando su consumo en la noche. Ya verás que tu sueño mejorará con el tiempo.,Deja de fumar.
¿Cómo evito ganar peso al dejar de fumar?,"¡Buen enfoque siempre que lo hagas por la salud y no la apariencia! Opta por snacks saludables como frutas frescas, mantente activo y enfócate en disfrutar tus comidas sin distracciones.","Dejar de fumar reduce el estrés en el metabolismo, lo que puede ayudar a controlar el peso. Opta por snacks saludables como granola o frutos secos y mantente activo durante tus descansos."
¿Qué hago si siento más hambre o estoy ganando peso al dejar de fumar?,"Escoge snacks bajos en calorías y saludables como las frutas, mantente activo físicamente y come despacio para identificar cuando estás lleno.","Si sientes hambre, come algo con poco calorías."
Estoy comiendo más desde que dejé de fumar. ¿Qué hago?,"Es normal tener más hambre al dejar de fumar. Elige snacks saludables, mantente activo y practica comer conscientemente evitando ver televisión o revisar tu celular mientras comes.",Aumenta tus porciones si es necesario.
Estoy ganando peso desde que dejé de fumar. ¿Qué puedo hacer?,"Es común, pero comer snacks saludables como frutas y mantenerte activo ayuda. Lo más importante es que dejar de fumar mejora tu salud en general. Pero ten paciencia y sé amable contigo mismo. Luego, podrás disfrutar de los beneficios.",Deja de fumar.
¿Es cierto que el cigarro ayuda con la ansiedad?,"Aunque puede parecer que fumar ayuda, en realidad solo alivia temporalmente el malestar de la abstinencia de la nicotina. ¡Lo bueno es que dejar de fumar puede reducir tu ansiedad a largo plazo y mejorar tu estado de ánimo!","No hay evidencia científica que respalde el concepto de que fumar ayuda con la ansiedad. Dejar de fumar puede tener efectos positivos en la salud mental, pero es importante abordar el trastorno de ansiedad con ayuda profesional."
¿El cigarro realmente alivia la ansiedad?,"No del todo. La nicotina puede ofrecer alivio a corto plazo porque elimina el malestar de la abstinencia, pero no trata la ansiedad real. Dejar de fumar, aunque difícil al principio, puede reducir tu ansiedad con el tiempo.","La nicotina puede ofrecer alivio a corto plazo debido a su efecto sobre las sustancias químicas del cerebro que controlan la ansiedad. Sin embargo, no tiene efectos en el trastorno de ansiedad crónico."
¿Qué hago si el cigarro me ayuda con mi ansiedad?,"Aunque fumar parece aliviar la ansiedad, en realidad solo estás calmando la abstinencia de la nicotina. Busca otras formas de manejar el estrés, como actividad física o hablar con alguien de confianza.",Fumar no trata la ansiedad y puede llevar a problemas de salud más graves.
Fumar es lo único que me ayuda con la ansiedad. ¿Qué hago?,"Te entiendo. Es normal sentir eso, pero en realidad el cigarro solo alivia la ansiedad de la abstinencia de la nicotina, no la ansiedad real. Pero, hay otras formas de aliviar la ansiedad sin fumar, como hacer ejercicios o conectarte con alguien. Con el tiempo, tu ansiedad mejorará al dejar el cigarro.",Deja de fumar.
¿Cómo puede alguien sentirse mejor si se siente ansioso y deprimido al dejar de fumar?,"¡Hay cosas que se puede hacer para mejorar! Mantenerse activo, organizar tu día, salir y conectar con personas que te apoyen puede ser de gran ayuda. Los pequeños esfuerzos tienen un gran impacto.",El ansia y la depresión asociados con dejar de fumar desaparecerán en aproximadamente 6 a 8 semanas.
¿Qué puedo hacer si me siento ansioso y deprimido al haber quitado el cigarro de mi vida?,"Ser activo físicamente, estructurar tu día y hablar con personas de confianza puede ayudarte. Recompensa tus esfuerzos de alguna manera. Si los síntomas persisten, considera hablar con un profesional de la salud.",Tal comportamiento es una señal de debilidad y debes fortalecer tu resistencia.
Estoy muy ansioso y deprimido. ¿Cómo manejo esto? No debí dejar de fumar.,"No digas eso, dejar de fumar es retador al inicio, pero luego da sus frutos.  Intenta mantenerte activo, organizar tu día y conectar con otros. Si los síntomas no mejoran en unas semanas, es importante buscar ayuda profesional.","Dejar de fumar puede ser difícil. Mantener un rutino de ejercicio regular, organizar tu tiempo diario y establecer límites saludables pueden ayudarte a manejar tus síntomas de ansiedad y depresión. La búsqueda de ayuda profesional es recomendable si estos síntomas persisten."
Te comento que hace poco dije que ya no fumaría más. Estoy ansioso y deprimido. No sé cómo mejorar.,"Es difícil, pero empieza con pasos pequeños: mantente activo y ocupado, conecta con alguien cercano y busca actividades que disfrutes. Además, no dudes en recompensar tus logros por muy pequeños que parezcan. Un día a a vez. Hablar con un profesional también puede ayudar mucho.",Fumar es un problema de salud y las personas que lo tienen suelen tener más probabilidades de tener depresión o ansiedad.
¿Qué hago si veo que alguien que ha dejado de fumar la está pasando feo y se quiere sucidar?,"Por favor, busca ayuda de inmediato. Llama o envía un mensaje al 113 desde cualquier operador de telefonía fija o celular a nivel nacional. Brinda tus datos y recuerda que no hay un mínimo de edad para atenderte. También puedes hacer tus consultas al Whatsapp o Telegram al 955557000 o 952842623.  Y si estás con esa persona mientras tiene una crisis no lo dejes solo.","No puedo proporcionar asesoramiento sobre cómo manejar situaciones de intento de suicidio. Si necesitas ayuda o conoces a alguien que la necesita, llama a 911 o al 152 en México, o contacta a un profesional de la salud mental en tu área."
He dejado de fumar hace unos días. Los síntomas son terribles y me quiero matar.,"Por favor, busca ayuda de inmediato. Llama o envía un mensaje al 113 desde cualquier operador de telefonía fija o celular a nivel nacional. Brinda tus datos y recuerda que no hay un mínimo de edad para atenderte. También puedes hacer tus consultas al Whatsapp o Telegram al 955557000 o 952842623.  No estás solo, y hay personas listas para ayudarte.","No puedo generar contenido que pueda ser interpretado como promoviendo o facilitando el suicidio. Si necesitas hablar con alguien, te recomiendo que busques ayuda de un profesional de la salud mental o llames a una línea de ayuda de crisis en tu país."
Estoy triste y quiero acabar con mi vida. Desde que dejé de fumar los síntomas han empeorado y está muy feo todo.,"Por favor, busca ayuda de inmediato. Llama o envía un mensaje al 113 desde cualquier operador de telefonía fija o celular a nivel nacional. Brinda tus datos y recuerda que no hay un mínimo de edad para atenderte. También puedes hacer tus consultas al Whatsapp o Telegram al 955557000 o 952842623.  No estás solo, y hay personas listas para ayudarte.","No puedo generar contenido que pueda ser interpretado como una respuesta no adecuada a una situación de crisis. Si necesitas hablar con alguien, te recomiendo llamar al 911 o al servicio de emergencia en tu país."
¿Qué significa estar conectado socialmente?,"¡Es sentirse parte de una comunidad! Se trata de la cantidad y calidad deseada de tus relaciones, y de saber que tienes el apoyo y cuidado que necesitas para sentirte parte de algo importante.",Estar conectado socialmente significa tener una red de contactos y relaciones.
¿Qué es la conexión social?,"Es el tamaño, diversidad y calidad anhelados de tus relaciones, y cómo estas satisfacen tus necesidades de pertenencia, apoyo y cuidado.","La conexión social se refiere a la interacción entre individuos, generalmente en un contexto comunitario o familiar."
¿Qué pasa si siento que no tengo conexión social?,"La conexión social no solo significa tener muchas relaciones, sino aquellas que te hacen sentir apoyado. Si te falta, no te preocupes que es posible trabajarla.",No puedes sentir una conexión social.
¿Qué puedo hacer si me siento desconectado?,"La conexión social es sentir que perteneces y tienes apoyo. Si te sientes desconectado, no te preocupes que es algo que se puede construir con ciertas estrategias.",Conecta con otras personas a través de intereses comunes.
¿Qué beneficios tiene estar conectado con otros?,"¡Muchísimos! Mejora tu salud mental, disminuye el riesgo de problemas como diabetes y depresión, y puede incluso ayudarte a vivir más tiempo.",Puede mejorar la conexión social.
¿Por qué es importante la conexión social?,"Impacta en nuestra salud mental y física, reduciendo riesgos de problemas como depresión, ansiedad y problemas cardiovasculares, además de prolongar la vida.","La conexión social es un factor determinante para el bienestar general. Estudios muestran que personas con fuertes redes sociales tienen menos probabilidades de sufrir trastornos mentales y condiciones cardiovasculares, así como una mayor esperanza de vida."
"Siento que me he desconectado de la gente, ¿tendrá algún efecto?",Tener relaciones estables reduce el estrés y mejora tu capacidad de manejar ansiedad o depresión. También se asocia con menor riesgo de padecer ciertas enfermedades. Pequeños esfuerzos para conectar pueden cambiar mucho.,"Tener relaciones estables puede reducir el estrés, pero no garantiza que te desconectes. El aislamiento es un problema separado."
¿Por qué debería preocuparme por conectar con otros? Soy una persona aislada.,"La conexión social puede ayudarte a sentirte menos solo, mejorar tu salud emocional y reducir riesgos de enfermedades como la diabetes o demencia. No se trata de tener miles de amigos, sino contar con personas que sabes que estarán ahí para ti ya sea para divertirse o enfrentar algunos problemas.",Conectar con otros es posible porque hay otras personas.
¿De verdad la conexión social mejora nuestra salud?,"¡Sí! Conectar con otros reduce el estrés, mejora tus hábitos alimenticios, fomenta el ejercicio y hasta puede ayudarte a dormir mejor.",La conexión social no tiene un impacto directo en nuestra salud.
¿Qué impacto tiene la conexión social en la salud?,"Puede mejorar la salud física y mental al reducir el estrés, fomentar hábitos saludables y promover el bienestar general.",La conexión social puede tener algunos efectos sobre la salud.
¿Qué tan importante es para mi salud tener una red de apoyo?,"Es clave. La conexión social puede ayudarte a manejar mejor el estrés, fomentar el ejercicio y mejorar la calidad de tu sueño.",Una red de apoyo es relevante para mantener un equilibrio saludable.
¿Cómo me puede ayudar socializar si me siento mal?,"Socializar puede mejorar tu estado de ánimo, reducir tu ansiedad y ayudarte a manejar mejor los retos diarios así como adoptar un estilo de vida más saludable.",Puedes intentar participar en actividades que disfrutes.
¿Qué ventajas tiene scoailziar?,"Nos dan apoyo emocional en los buenos y malos momentos, y también ayuda práctica, como llevarnos al doctor o ayudarnos con una tarea en una emergencia. ¡Es un gran respaldo!",Scoailziar nos da acceso a recursos y apoyo administrativos.
¿Para qué sirve la conexión social? Cuéntame por favor,"Brinda apoyo emocional y físico, como escuchar en momentos difíciles o ayudar con necesidades prácticas, por ejemplo, dándote un aventón de la universidad a tu casa.",La conexión social sirve para mantener relaciones.
¿Cómo puede la conexión social ayudarme en momentos difíciles?,"Te ofrece respaldo emocional y ayuda práctica, como alguien en quien confiar o que te ayude en situaciones inesperadas.",La conexión social no brinda respaldo emocional.
¿Por qué es importante contar con apoyo social? A veces siento que nunca lograré socializar.,Tener personas cercanas te da apoyo emocional para enfrentar momentos difíciles y ayuda práctica cuando lo necesitas. Entiendo que es difícil conectar con gente pero es algo que se puede trabajar. ¡Ánimo!,Lazos sociales son beneficiosos para la salud mental. El apoyo de otras personas puede ayudar a reducir el estrés y mejorar tu estado emocional.
¿Dónde puedo encontrar lugares para conocer gente nueva?,"¡Por todas partes! En tu vecindario, escuela, lugar de trabajo, parques o incluso en actividades recreativas. ¡Las oportunidades están a la vuelta de la esquina!",Puedes encontrar gente nueva en lugares públicos y comunitarios.
¿Dónde puedo construir nuevas relaciones?,"Puedes crear conexiones en tu vecindario, escuela, lugar de trabajo, lugares de culto, parques o centros recreativos.",Lugares donde las personas se reúnen.
No sé por dónde empezar a buscar conexiones. ¿Dónde puedo ir?,"Comienza en lugares familiares como tu vecindario, escuela o parques. Un paso pequeño en estos entornos puede marcar una gran diferencia.",Puedes empezar buscando en línea.
"Me siento solo, ¿dónde puedo encontrar apoyo?","Lugares como tu vecindario, escuela o incluso un parque pueden ser buenos puntos de partida. No necesitas dar grandes pasos, solo intenta salir y verás que no estás solo.",Puedes buscar servicios de apoyo en línea o en tu comunidad local.
¿Qué puedo hacer para fortalecer mis relaciones?,¡Pequeños gestos pueden significar mucho! Un simple mensaje o llamada para preguntar cómo están tus amigos o familiares puede fortalecer lazos.,Comunicarse con ellos regularmente.
¿Qué acciones simples puedo tomar para crear o mantener relaciones?,Dedica tiempo a contactarte con quienes te importan. Únete a grupos con intereses compartidos o simplemente envíales un mensaje para saber cómo están tus amigos.,Incluiras en una lista de contactos y seguir sus historias en las redes sociales.
¿Qué puedo hacer si no sé cómo empezar a conectarme con otros?,Empieza por algo sencillo como enviar un mensaje o llamar a alguien para preguntar cómo está. Estas pequeñas acciones pueden abrir puertas a conexiones más profundas.,Envía un mensaje. Llama a alguien. Conecta con alguien cercano.
¿Qué puedo hacer si me siento desconectado de los demás?,"Intenta interactuar con alguien que te importe. Un simple ""¿cómo estás?"" puede ser el primer paso para sentirte más conectado.","No hay suficientes datos sobre tus preferencias personales para recomendar una acción específica, pero puedes intentar realizar actividades que te permitan conocer a otras personas de manera casual."
¿Cómo puedo hacer mis relaciones más significativas?,Dedica tiempo a construir conexiones sólidas y significativas. Sé agradecido y ofrece tu apoyo cuando alguien lo necesite.,Mantener relaciones requiere esfuerzo constante y dedicación.
¿Qué pasos puedo tomar para mejorar mis relaciones sociales?,"Puedes enfocarte en conexiones de alta calidad, ser receptivo, agradecido y pedir ayuda u ofrecerla cuando se requiera.",Conectarse con gente nueva y mantener las existentes es una tarea continua. Puedes hacerlo estableciendo límites claros y priorizando lo que te importa.
¿Qué hago si siento que mis relaciones no son lo suficientemente fuertes?,"Enfócate en conexiones significativas. Hablar de tus sentimientos, ser agradecidos, pedir ayuda y ofrecer ayuda puede acercarte a los demás.",Puedes intentar cambiar tus expectativas sobre las relaciones.
¿Qué puedo hacer si siento que mis relaciones son débiles?,"Intenta enfocarte en construir conexiones más significativas y fuertes. Abre el diálogo, sé agradecido, ofrece ayuda y busca apoyo en los demás si lo necesitas.",Revisa tus expectativas y comportamientos.
¿Qué puedo hacer para disfrutar más al conectar con los demás?,¡Haz de tu salud una prioridad! Cuidarte físicamente te ayuda a disfrutar más tus relaciones sociales y estar disponible para salir. Comparte actividades como cocinar o hacer ejercicio con amigos.,"Cuida tu cuerpo físico y mental. Esto significa dormir lo suficiente, comer bien y realizar actividad física regularmente."
¿Cómo puedo equilibrar mi salud y mis relaciones sociales?,"Cuida tu salud para poder conectarte mejor. Comparte tus actividades diarias, como paseos o comidas, con otras personas.",Asegúrate de tener un horario regular y estable en tu vida social para evitar la superlación de compromisos.
¿Qué hago si siento que mi salud afecta mis relaciones?,Dar prioridad a tu bienestar físico te ayudará a relacionarte mejor y estar más disponible para salir con los demás. Busca maneras de compartir tus rutinas con otras personas para mantenerte conectado.,Prioriza tus necesidades de salud y trata de establecer límites en las relaciones si es necesario.
¿Debo cuidar mi salud mientras intento conectar con otros? A veces soy muy enfermizo.,"Te entiendo. Cuida tu salud para poder disfrutar mejor tus relaciones y para que puedas estar disponible para tus amigos. De esta manera, cuando venga una propuesta, podrás aceptarla y al llegar el día, podrás disfrutarla.","Conectar con otros es opcional. Puedes hacerlo o no, sin consecuencias para tu salud."
¿Cómo puedo mantener mis conexiones sociales en tiempos difíciles?,Hablar con un profesional puede ayudarte a sobrellevar desafíos como problemas de salud o la pérdida de un ser querido. No estás solo; siempre hay apoyo disponible.,Habla con alguien que sepa hablar sobre lo que sientes.
¿Qué puedo hacer durante momentos difíciles para mantener mis relaciones?,Buscar ayuda profesional es un buen paso. Hablar con alguien puede darte las herramientas para afrontar estos retos.,Hablar con alguien puede ayudarte a entender mejor tus pensamientos y emociones.
"No sé cómo pedir ayuda, ¿qué puedo hacer en tiempos difíciles?","Aunque pueda ser difícil, pedir ayuda a un profesional puede marcar una gran diferencia. Ellos pueden orientarte hacia soluciones específicas para tus necesidades sin descuidar tus vínculos.",Puedes contactar a un servicio de atención al ciudadano o buscar recursos en línea.
¿Qué puedo hacer si me siento abrumado por los desafíos de la vida?,Hablar con un profesional puede ayudarte a encontrar formas de manejar situaciones difíciles sin descuidar tus vínculos. No estás solo; busca el apoyo que necesitas.,Reconoce los desafíos y encuentra una solución para enfrentarlos.
¿Cómo puedo pasar más tiempo de calidad con los demás?,"¡Explora nuevas formas de conectar! Pasa tiempo con tu familia y amigos, sal a la naturaleza, expresa gratitud, o únete a actividades comunitarias como un jardín comunitario o voluntariado.",Puedes unirte a grupos de personas que tienen intereses similares.
¿Qué actividades puedo realizar para fortalecer mis conexiones sociales?,"Puedes dedicar más tiempo a familiares y amigos, participar en la comunidad, conocer a tus vecinos o unirte a un grupo de voluntariado.",Puedes unirte a grupos sociales o asociaciones que se ajusten a tus intereses.
¿Qué hago si siento que no tengo tiempo para conectarme con los demás?,"Comienza con pequeños pasos como pasar tiempo en la naturaleza con un amigo o conocer a un vecino. Con el tiempo, estas acciones se sentirán más naturales.",Puedes dejar de pasar tiempo con los demás si lo deseas.
"Me siento desconectado, ¿qué puedo hacer para acercarme a los demás?","Dedica tiempo a actividades que te acerquen a otras personas, como pasar tiempo con la familia o unirte a un voluntariado. Incluso pequeños pasos pueden marcar una gran diferencia.",Pasa más tiempo en situaciones sociales y participa en actividades colectivas.
¿Es normal sentir estrés?,"¡Sí! Todos sentimos estrés en algún momento, especialmente cuando enfrentamos desafíos. Lo importante es cómo lo manejamos para crecer y superar obstáculos.",Estrés es un estado emocional común que puede surgir en respuesta a situaciones difíciles o amenazantes.
¿Es común experimentar estrés?,"El estrés es una respuesta normal a situaciones nuevas o desafiantes. A corto plazo puede ser útil, pero si se prolonga, puede afectar nuestra salud.",La mayoría de las personas experimentan estrés en algún momento de sus vidas.
"Me siento abrumado, ¿es normal sentirme así?","Sí, es común experimentar estrés en situaciones difíciles. No estás solo, y hay formas saludables de manejarlo para evitar que afecte tu bienestar. El estrés es normal pero se convierte en un problema cuando nos sentimos constantemente estresados.","El estrés es una respuesta natural a situaciones difíciles, pero puede ser problemático si dura mucho tiempo."
¿Es normal que sienta tanto estrés todo el tiempo?,"Sentir estrés es natural, pero si se vuelve constante, puede afectar tu salud. Buscar apoyo puede ayudarte a manejarlo mejor.",Sentir estrés es común.
¿Qué cosas puede generar el estrés?,"¡Es una lista diversa! Desde cambios en tus emociones, como miedo o tristeza, hasta problemas físicos como dolores de cabeza o insomnio. Pero recuerda, siempre hay formas de manejarlo.","Cambios en las emociones pueden generar estrés, así como problemas físicos."
¿Cuáles son las consecuencias del estrés?,"El estrés puede causar diversos efectos en tu salud física como mental. Por ejemplo, produce cambios en el apetito, dolor de cabeza, dolor estomacal, empeora enfermedades crónicas, incrementa el uso de sustancias y alcohol. También afecta tu sueño, tu estado de ánimo y tus niveles de energía.","El estrés puede causar alteraciones en la salud física y mental, como problemas digestivos y dolores de cabeza, y puede empeorar enfermedades preexistentes."
"Siento que me estoy estresando mucho, ¿debería preocuparme?",Es cierto que el estrés puede impactar negativamente tu salud física y mental. Pero es algo que puedes trabajar. Hablar con un especialista también te puede ayudar.,El estrés es una respuesta natural a situaciones difíciles. ¿Qué medidas estás tomando para manejar tus cargas?
"Siento que mi cuerpo y mi mente están agotados, ¿qué me podría pasar si sigo así?","El estrés se asocia con cambios en el apetito, en la energía, influye negativamente en tu estado de ánimo, genera dolores de cabeza y de estómago, y empeora enfermedades crónicas. Si llevas mucho tiempo estresado te recomiendo acudir con un especialista.",El estrés puede afectar tu apetito y energía.
¿Por qué es importante desconectarme de las noticias?,"Tomarte un descanso de las noticias y redes sociales puede ayudarte a reducir la sobrecarga de información negativa y a sentirte más tranquilo. ¡Es genial mantenerse informado, pero también lo es cuidar de tu bienestar!",Desconectar de las noticias reduce la exposición a información negativa.
¿Qué beneficios tiene desconectar de las redes sociales?,"Alejarte de las noticias y redes sociales ayuda a evitar la saturación de información negativa, lo que puede ser perjudicial para tu salud mental.",Desconectar de las redes sociales reduce el tiempo dedicado a consumo de contenido.
¿Cómo puedo dejar de sentirme abrumado por las noticias?,"Puedes establecer límites en tu tiempo de pantalla, tomar descansos regulares y permitirte un respiro para evitar la ansiedad que pueden generar las noticias.",Limita tu exposición a las noticias.
¿Qué puedo hacer si las noticias me hacen sentir peor?,Intenta desconectarte por un tiempo. Incluso unos minutos pueden ayudarte a relajarte y reducir el impacto emocional de lo que ves.,"Desconéctate, es posible que sea necesario dejar las noticias un rato."
¿Qué actividades pueden ayudarme a relajarme?,"Puedes practicar actividades que disfrutes, como leer, escuchar música o incluso bailar. El tiempo de relajación es vital para mantener el equilibrio.","Puedes leer, escuchar música o baile."
¿Por qué es importante dedicar tiempo a relajarme?,"Relajarte ayuda a reducir el estrés, mejorar tu concentración y mantener un buen estado de ánimo. Encuentra algo que te permita desconectar.",Relajarse reduce el estrés.
¿Qué hacer cuando no tengo tiempo para relajarme?,"Incluso unos minutos de respiración profunda o estiramientos pueden ayudarte a liberar el estrés. Empieza poco a poco, es importante cuidarte.",Respira profundamente y haz ejercicios de estiramiento.
¿Cómo puedo empezar a relajarme si me siento muy estresado?,Lamento escuchar eso. Puedes intentar practicar respiración profunda o meditar por unos minutos. Estas prácticas son fáciles de implementar y te pueden ayudar a calmarte.,Practica respiración profunda.
¿Cómo me ayuda mantener un diario a sentirme mejor?,"Escribir en un diario te permite liberar tus pensamientos, reflexionar sobre tus emociones y agradecer las cosas buenas de la vida. ¡Es una forma excelente de cuidar tu mente!","Escribir en un diario puede ayudarte a registrar tus pensamientos y emociones, lo que te permite analizarlos y tomar decisiones informadas."
¿Qué beneficios tiene escribir mis pensamientos?,"Un diario puede ser útil para organizar tus ideas, reducir el estrés, practicar la gratitud y ayudarte a ver las cosas de una manera más clara.",Escribir tus pensamientos puede ayudarte a clarificar tus ideas.
¿Cómo puedo comenzar a escribir en un diario si me siento muy ansioso?,"No te preocupes por escribir de manera perfecta. Solo escribe lo que sientas. Esto te ayudará a liberar la ansiedad y aclarar tus pensamientos. Además, puedes usar el diario para agradecer por las cosas buenas, lo cual es bueno también para la salud mental.",Escribe lo que pienses sin preocuparte por la gramática o la ortografía.
¿Qué hago si no sé qué escribir en el diario?,"Solo comienza por anotar lo que sientas. Escribir sobre lo que te preocupa o las pequeñas cosas que te hacen sentir bien puede ser muy útil. Además, puedes escribir las cosas por las que estás agradecido. Todo eso puede ayudarte a alcanzar un mayor bienestar.","Anota lo que sientes. Escribe sobre lo que te preocupa o lo que te hace sentir bien, o las cosas por las que estás agradecido."
¿Cómo disfrutar del aire libre para relajarme?,"Sal a caminar, o simplemente pasar tiempo en un parque. Estar al aire libre no solo mejora tu salud física, sino que también es excelente para tu bienestar mental.",Salir al aire fresco.
¿Por qué es beneficioso pasar tiempo al aire libre?,"Pasar tiempo fuera, ya sea relajándote o siendo activo, puede mejorar tu estado de ánimo y reducir el estrés.",Pasar tiempo al aire libre puede disminuir la exposición a contaminantes del aire.
¿Cómo puedo sentirme más relajado si me cuesta salir?,"Comienza con caminatas cortas o simplemente siéntate en un lugar tranquilo al aire libre. El aire fresco y el cambio de entorno te ayudarán a reducir el estrés, en especial, si interactúas con otras personas.",Puedes intentar salir durante las horas del día cuando menos gente está fuera.
"Me cuesta salir de casa, ¿qué puedo hacer?","Empieza con pequeños pasos. Sal a tu patio o jardín, o incluso a una esquina tranquila de tu barrio . Estar al aire libre puede ser un alivio. Lo importante es conectar con la naturaleza y con la gente que te importa.",Puedes salir a caminar en el parque o hacer ejercicio en casa.
¿Cómo puedo abordar un problema con una actitud positiva?,Enfócate en encontrar soluciones en lugar de quedarte atrapado en el problema. Considera diferentes perspectivas y busca maneras creativas de resolverlo. Aprender de los errores puede guiarte hacia una mejor solución.,Busca alternativas al problema.
¿Qué estrategias puedo usar para solucionar problemas?,"Toma un paso atrás, analiza el problema desde diferentes ángulos y busca soluciones viables. Aprender de los errores también es esencial para mejorar.",Analiza detenidamente el problema y considera varias posibilidades para abordarlo.
¿Cómo puedo dejar de preocuparme tanto por un problema?,Intenta no quedarte atrapado en la preocupación. Reflexiona sobre posibles soluciones y aprende de los errores pasados para no sentirte abrumado.,"Acepta que la preocupación es una respuesta natural a un problema y trata de centrarte en el presente, sin desviar tu atención hacia pensamientos sobre el futuro o el pasado."
¿Qué hago si siento que el problema es demasiado grande para solucionarlo?,"Recuerda que no estás solo. Da un paso atrás, identifica pequeñas acciones que puedas tomar, y aprende de los desafíos pasados. Así se pueden encontrar soluciones graduales.","La sensación de abrumador puede ser difícil de manejar. Identifica el aspecto del problema que te está causando estrés y enfócate en esa parte en particular, no trata de todo a la vez."
¿Cómo puedo expresar mis emociones de manera efectiva?,"Comparte tus emociones de forma honesta, empática y respetuosa, utilizando frases que se enfoquen en la conducta en lugar de la persona para evitar culpar a otros. Por ejemplo, en lugar de decir ""tú eres un desordenado"", decir ""Me molesta la forma en que organizas los documentos del proyecto"". Mantén un tono calmado y escucha activamente.","Expresa tus emociones expresando claramente lo que sientes, evitando acusaciones o culpas."
¿Cómo puedo comunicar mis sentimientos sin causar conflictos?,"Énfocate en la conducta y no en la persona para expresar cómo te sientes sin culpar a nadie. Por ejemplo, en lugar de decir ""tú eres un desordenado"", decir ""Me molesta la forma en que organizas los documentos del proyecto"". Además, asegúrate de escuchar con atención y mostrar empatía.",Expresa tus sentimientos de manera clara y directa.
¿Qué hago si siento que no puedo comunicarme bien al experimentar riñas?,"Intenta hablar con calma y asegurarte de que estás siendo claro. Si es necesario, repite lo que dijiste de forma diferente. Escuchar y ser paciente con los demás también es clave. Y trata de ser empático aun cuando no entiendas del todo a la otra persona o no estés de acuerdo con lo que dice.","No hay una solución única para este problema, pero puede intentar pararse un momento antes de hablar."
¿Cómo hablar de lo que siento sin que me sientan molesto?,"Énfocate en la conducta y no en la persona para expresar cómo te sientes sin culpar a nadie. Por ejemplo, en lugar de decir ""tú eres un desordenado"", decir ""Me molesta la forma en que organizas los documentos del proyecto"". A veces, es útil dar espacio a la otra persona para expresar su punto de vista y escuchar atentamente.","Para expresar tus sentimientos sin molestar a otros, simplemente explica cómo se te ve afectado."
¿Cómo puedo crear vínculos más profundos con los demás?,"Dedica tiempo de calidad a estar con otros, participa en actividades que disfrutes juntos y busca formas de conectar de manera significativa, por ejemplo, pidiendo apoyo cuando tengas problemas.","Para crear vínculos más profundos con los demás, debes invertir tiempo y esfuerzo. Participa en actividades que te interesen y buscas oportunidades para establecer conexiones significativas. Esto implica ser proactivo en tus interacciones."
¿Cómo puedo mantener una relación cercana con mis amigos?,"Mantén una comunicación abierta y pasa tiempo juntos, ya sea haciendo actividades compartidas o simplemente charlando.",Participar regularmente en eventos sociales.
¿Cómo puedo hacer para no perder el contacto con quienes me importan?,Intenta tomar la iniciativa y contactar con ellos con regularidad. Puedes hacer una llamada o enviar un mensaje solo para saber cómo están y organizar planes. La conexión constante es vital.,Establece horarios fijos para llamarlos.
"Me siento desconectado de los demás, ¿cómo puedo mejorar esto?",Lamento escuchar eso. Tómate un tiempo para acercarte a las personas que te rodean. Participar en actividades sociales o voluntariado también puede ayudarte a ampliar tu círculo y sentirte más apoyado.,Participar en actividades sociales o realizar voluntariado puede aumentar tus contactos.
¿Por qué es útil la práctica de mindfulness?,"Mindfulness te ayuda a estar más presente y consciente de tus pensamientos y emociones, lo cual puede mejorar tu salud mental y bienestar general.",Mindfulness es una práctica que se centra en la observación de los pensamientos y emociones sin juzgarlos.
¿Qué significa ser más consciente o practicar mindfulness?,"Significa estar plenamente presente en el momento, sin juzgar tus pensamientos y emociones. Este enfoque puede reducir el estrés y aumentar el bienestar.",Significa prestar atención a los pensamientos y emociones mientras te encuentras despierto.
¿Cómo puede mindfulness ayudarme a reducir la ansiedad?,"Mindfulness te enseña a reconocer tus pensamientos sin aferrarte a ellos, lo que puede reducir la ansiedad y permitirte manejar mejor tus emociones. Además, te ayuda a centrarte en el presente.","Mindfulness implica estar atento a tus pensamientos y sentimientos, y dejarlos ir cuando no son útiles."
"Estoy abrumado y pensando constantemente en varias cosas lo que me genera estrés, ¿algún consejo?","Lamento oír eso. Te recomiendo practicar mindfulness. Te ayudará a centrarte en el presente y reconocer y aceptar lo que está dentro de ti, tus pensamientos así como el entorno que te rodea. Comienza poco a poco y verás grandes cambios.",Practica mindfulness para centrarte en el presente.
¿Cómo puedo incorporar mindfulness en mi vida diaria?,"Reserva tiempo en tu día para estar presente, respirando profundamente y observando tus pensamientos sin juzgar. También lo puedes practicar prestando atención a tus sensaciones físicas, a tu alrededor y tratándote con amabilidad y comprensión.",Practica mindfulness durante ciertos intervalos del día. Respira profundamente y observa tus pensamientos. Presta atención a tus sensaciones físicas.
¿Cuáles son los pasos para practicar mindfulness?,"Encuentra un lugar tranquilo, concéntrate en tu respiración y observa tus pensamientos y sentimientos sin etiquetarlos. Si tu mente se distrae, suavemente vuelve al presente. Además, puedes practicarlo prestando atención a tus sensaciones físicas, a tu alrededor y tratándote con amabilidad y comprensión.","Practica mindfulness en un lugar tranquilo, concéntrate en tu respiración. Observa tus pensamientos y sentimientos. Si tu mente se distrae, vuelve al presente sin detenimiento. Presta atención a tus sensaciones físicas o trata de mantener una actitud constante."
¿Cómo calmar mi mente inquieta con mindfulness?,"Practica en momentos tranquilos, y si tu mente se dispersa, suavemente regresa al presente. No te frustres, solo continúa. Sé amable contigo y no juzgues como bueno o malo ningún aspecto de tu experiencia.","Para calmar tu mente inquieta, practica mindfulness en momentos tranquilos. Si tu mente se dispersa, simplemente regresa al presente."
¿Qué hago si no puedo concentrarme en mindfulness?,"La práctica es progresiva. Si tu mente se distrae, no te preocupes, solo observa los pensamientos y recuerdos sin juzgarlos y vuelve a centrarte en la respiración. Recuerda ser amable contigo mismo y comprender que todo es un proceso.","Mindfulness no funciona para ti, intenta hacerlo de cualquier manera."
¿Cómo puedo mostrar mi gratitud de manera significativa?,"Haz un diario de gratitud, comparte tus agradecimientos con otros, participa en un voluntariado o haz algo amable por aquellos que aprecias. Expresar gratitud fortalece las relaciones y mejora tu bienestar.","Escribe tres frases, haz un diario de agradecimientos o compra regalos."
¿Cómo empiezo a practicar la gratitud?,"Anota cosas por las que estás agradecido, ya sean grandes o pequeñas en un diario. También puedes decírselo a un compañero o amigo, o hacer un favor para ellos. Mostrar gratitud regularmente te ayuda a enfocarte en lo positivo.",Anota cosas por las que estás agradecido.
"Si me siento abrumado, ¿hay algo que pueda hacer? Siento que solo me enfoco en lo negativo.","Puedes practicar la gratitud enfocándote en cosas pequeñas, por ejemplo, estar con vida, camimar, respirar, haber sido atendido bien en un café, haber comido un buen menú. Si sientes que esa sensación negativa se mantiene en el tiempo, te recomiendo consultar con un especialista.",Puedes intentar cambiar tu rutina diaria.
¿Cómo puedo encontrar gratitud si me siento muy triste?,"Aunque es difícil, puedes intentar pensar en pequeñas cosas por las que estar agradecido, como la compañía de un amigo o un acto de bondad o haber comido algo delicioso o por estar con vida. Escribirlo puede ayudarte a ver la luz en momentos difíciles.",Puedes buscar gratitud buscando cosas pequeñas en tus situaciones cotidianas.
¿Qué otras cosas puedo hacer para cuidar mi salud mental?,"¡Buena pregunta! Puedes dormir las horas que tu cuerpo te pide, hacer actividad física, comer saludablemente, evitar sustancias dañinas, y visitar al médico regularmenta para chequeos preventivos.",Dormir más o menos según sea necesario. Hacer ejercicio cuando lo desees. Comer alimentos nutritivos. Evitar el consumo de alcohol y drogas. Visitar a un profesional de la salud regularmente.
"¿Por qué es importante identificar mis emociones, incluso cuando estoy feliz?","Reconocer cómo te sientes, incluso en momentos positivos, te ayuda a comprender lo que te hace feliz y a cultivar esas experiencias.","Identificar tus emociones es útil porque te permite entenderlas, incluyendo aquellas asociadas a estados felices."
¿Cómo puedo saber qué emociones estoy sintiendo?,"Tómate un momento para reflexionar sobre tu día. Pregúntate: ""¿Qué situaciones me hicieron sentir algo y cómo reaccioné?""",Observa tus patrones de pensamiento y comportamiento durante el día. Identifica las situaciones que te provocan ansiedad o tristeza y analiza tus respuestas.
¿Qué hago si no puedo identificar lo que siento?,"No te preocupes, a muchas personas les pasa. Escribe en un diario tus pensamientos y emociones. Pregúntate: ""¿Qué situaciones me hicieron sentir algo y cómo reaccioné?"" A veces, plasmar lo que piensas puede ayudarte a aclarar cómo te sientes.",Escribir tus pensamientos y emociones en un diario o preguntarte sobre las situaciones que te hicieron sentir algo pueden ayudar.
¿Cómo identifico mis emociones si me siento abrumado?,"Lamento oír eso. Haz una pausa y respira profundamente. Pregúntate: ""¿Qué estoy sintiendo físicamente y mentalmente en este momento?""","La emoción de sentirse abrumado suele estar asociada a sensaciones de estrés y agotamiento físicos, como agitación muscular."
¿Cómo puedo aceptar mis emociones difíciles mientras me mantengo positivo?,"Recuerda que está bien sentirte triste, enojado o ansioso a veces. Permítete sentir sin juzgarte y encuentra formas de cuidar de ti mismo en esos momentos.","Sientes emociones difíciles, es normal. Busca formas de manejarlas."
¿Qué significa aceptar mis emociones sin juzgarlas?,"Significa reconocer tus sentimientos tal como son, sin etiquetarlos como ""buenos"" o ""malos"". Esto te ayudará a normalizarlos y poder regularlos  de manera más saludable.",Significa aceptar que las emociones existen.
¿Cómo acepto emociones que me causan ansiedad?,"Reconoce tus emociones como una respuesta natural. Di algo como: ""Estoy sintiendo ansiedad ahora, y eso está bien"". Practicar esto puede ayudar a ser consciente de tus estados emocionales y usar algunas estrategias para regularte mejor.",Acepta las emociones que causan ansiedad sin negación ni justificación.
¿Cómo acepto mi tristeza sin sentirme más abrumado?,Permítete sentir tristeza y recuérdate que es temporal. Hablar con alguien de confianza puede ayudarte a aliviar el peso de la emoción.,La tristeza no tiene un plazo límite fijo; aceptarla significa permitirte sentir los sentimientos sin tratar de cambiar o ocultarlos.
¿Qué actividades de autocuidado puedo hacer cuando me siento bien?,"Disfruta de algo que amas, como leer, pasear o escuchar música. Estas actividades refuerzan tus emociones positivas y fortalecen tu bienestar.","Lee libros, pasa tiempo afuera o escucha música."
¿Cómo puedo incluir el autocuidado en mi rutina diaria?,"Dedica unos minutos al día para relajarte, respirar profundamente o disfrutar de una actividad que te guste.",Incluye un período dedicado a la recuperación.
¿Qué puedo hacer si me cuesta encontrar tiempo para el autocuidado?,"Comienza con algo pequeño, como 5 minutos de meditación o un paseo corto. Prioriza tu bienestar, incluso en momentos ocupados y haz actividades que te gusten y relajen.",Puedes incorporar el autocuidado a tu rutina diaria.
¿Cómo me cuido cuando me siento desmotivado?,"Opta por actividades sencillas, como escuchar música tranquila o tomar un baño. Incluso pequeños pasos pueden ayudarte a sentirte mejor.",Haz algo literalmente.
¿Qué actividades saludables puedo hacer para canalizar mi energía hacia algo más positivo?,"Baila, haz ejercicio, crea arte o participa en un proyecto que te inspire. Usa esa energía para crecer y disfrutar al hacer cosas que te gustan y que te permiten estar en contacto con los demás.",Haz ejercicio. Bailar también puede ser una opción.
¿Cómo canalizo mi energía cuando me siento inquieto?,"Prueba actividades como caminar, limpiar tu espacio o escribir en un diario. Estas acciones pueden ayudarte a liberar tensión.","Actividades como caminar, limpiar o escribir pueden reducir inquietud."
¿Qué actividades puedo hacer para liberar la ansiedad?,"Sal a caminar, haz ejercicios de respiración profunda o intenta un hobby creativo o limpia tu habitación. Estas actividades pueden calmar tu mente.",Haz ejercicio físico.
¿Qué hago con mi energía cuando me siento decaído?,"Intenta actividades suaves, como colorear, escuchar música o dar un paseo tranquilo. El movimiento puede ayudarte a salir de ese estado.",No hay respuesta específica para la energía.
¿Está bien recurrir a los demás cuando uno se siente triste?,"Sí, ¡siempre es bueno buscar conectar con los demás! Al pedir nos ayuda nos acercamos a los demás, nuestros lazos se vuelven más fuertes y nos pueden ayudar a afrontar nuestras dificultades.",Recurrir a los demás puede ser beneficioso en ciertos casos.
¿Cuándo es un buen momento para buscar apoyo de alguien?,"Siempre que sientas la necesidad de compartir tus sentimientos o buscar consejo, hablar con alguien puede ser útil. Si tus dificultades persisten en el tiempo o se agravan, puedes optar por hablar con un profesional.",Busca apoyo cuando sientas la necesidad de compartir sentimientos o consejos.
¿Cómo pido ayuda cuando me siento nervioso al hacerlo?,"Comienza con alguien en quien confíes. Di algo como: ""Estoy pasando por un momento difícil y necesito alguien con quien hablar"". ¡Seguro te escuchará y ayudará! Si tus dificultades persisten o se agravan, puedes optar también por un profesional.",Puedes pedir ayuda a alguien cercano.
¿Qué hago si siento que estoy solo en mis emociones?,Busca a alguien en quien confíes o contacta a un profesional de salud mental. No tienes que enfrentar las emociones difíciles solo.,Busca a alguien en quien confíes.
¿Cómo puedo usar la escritura para entender mejor mis emociones?,"Lleva un diario. Escribir sobre tus sentimientos te permite expresarte, comprender tus emociones y trabajar problemas de manera más constructiva.",Escribir sobre tus sentimientos puede ser útil para identificar patrones y procesar las emociones.
¿Qué beneficios tiene escribir sobre mis pensamientos?,"Escribir ayuda a dar claridad a tus pensamientos, encontrar nuevas perspectivas y procesar situaciones de una forma más efectiva.",Escribe para organizar tus pensamientos.
¿Cómo me puede ayudar escribir si me siento abrumado?,"Poner tus pensamientos en papel puede calmar tu mente, identificar preocupaciones específicas y encontrar formas de manejarlas paso a paso.",Escribir sobre tus pensamientos puede ayudar a clarificar tus ideas. Identifica lo que te está causando estrés y encuentra estrategias para abordarlo.
¿Qué hago si siento que no puedo hablar con nadie sobre lo que me pasa?,"Escribir en un diario puede ser un primer paso para sacar lo que sientes y empezar a organizar tus emociones. De todos modos, luego puedes intentar hablar con alguien más, ya sea alguien de confianza o un profesional.","Escribir en un diario puede ser útil para expresar tus sentimientos y analizarlos. Después, podrías tratar de hablar con alguien sobre lo que sientes."
¿Cómo puedo mantener una actitud positiva ante el estrés?,"Identifica y desafía los pensamientos negativos. Tratar de identificar lo positivo de las diversas situaciones en la medida de lo posible y poner las cosas en perspectiva requiere práctica, pero puede transformar tu enfoque frente a los retos.",Identifica y desafía tus pensamientos negativos.
¿Cómo puedo manejar los pensamientos negativos en situaciones estresantes?,"Intenta aceptar tus pensamientos, y busca interpretaciones más equilibradas en caso fueran negativos. Esto te ayuda a ver las situaciones con mayor claridad y optimismo.",Puedes evitarlos evitando los pensamientos estresantes.
¿Qué hago si mis pensamientos negativos me sobrepasan?,Escribe tus preocupaciones y reflexiona si son reales o exageradas. Trata de identificarlos y reformularlos hacia algo más positivo o menos fatalista.,"Escribirás sus pensamientos, lo cual puede ayudar a desahogarse."
¿Cómo puedo encontrar algo positivo cuando me siento desmotivado?,"Trata de buscar lo positivo de las situaciones en la medida de lo posible. Si no siempre puedes agradecer por estar con vida, y pensar que es muy probable que las cosas mejoren en el futuro. Es una habilidad difícil pero que si la practicas poco a poco verás resultados.",Puedes intentar encontrar algo positivo en lo que estás haciendo o experimentando.
¿Qué actividades me pueden ayudar a relajarme?,"Prueba ejercicios de respiración profunda, yoga o meditación. Estas prácticas calman la mente y el cuerpo, promoviendo el bienestar general.","Ejercicios de respiración profunda, yoga y meditación pueden ser útiles para relajarse."
¿Cómo puedo aprender a relajarme más en mi día a día?,"Dedica unos minutos diarios a relajarte conscientemente. Usa apps, tutoriales o guías para meditar o practicar yoga desde casa.",Medita o practica yoga durante unos minutos cada día.
¿Qué técnicas puedo usar si estoy muy nervioso?,Haz respiraciones lentas y profundas. También puedes intentar practicando meditación o yoga. Y así poco a poco aprenderás a lidiar con las emociones difíciles.,Practica técnicas de control de respuestas autónomas.
Me siento mal cuando estoy muy ansioso y estresado. ¿Qué debería hacer?,Sentir eso es más común de lo que imaginas. Haz respiraciones lentas y profundas. También puedes intentar practicando meditación o yoga. Estas habilidades te ayudarán a lidiar cada vez mejor con las emociones difíciles.,Practica técnicas de respiración lenta y profunda o meditación/ yogur para manejar el estrés y la ansiedad.
¿Qué significa que una ETS sea causada por una infección?,"Una enfermedad de transmisión sexual (ETS) ocurre cuando una infección causada por virus, bacterias, hongos o parásitos produce síntomas en el cuerpo tras el contacto sexual.",Una ETS es causada por un microorganismo que entra en el cuerpo a través de la piel o los fluidos corporales durante un acto sexual.
¿Qué diferencia hay entre una infección y una enfermedad de transmisión sexual?,"Una infección de transmisión sexual (ITS) ocurre cuando el cuerpo está infectado, pero no necesariamente presenta síntomas. Una ETS significa que la infección ha causado síntomas o problemas de salud.","Una infección es una condición en la que un patógeno causa un daño físico, mientras que una enfermedad de transmisión sexual se define como una infección que puede transmitirse entre individuos a través de contactos sexuales."
¿Puedo tener una ITS sin saberlo?,"Sí, muchas ITS no presentan síntomas evidentes. Por eso, la única forma de confirmarlo es realizarse pruebas médicas.","Sí, las ITS pueden pasar desapercibidas sin síntomas."
¿Es posible tener una ETS sin saberlo? Creo que no me cuidé.,"´Lamento oír eso. Sí, muchas personas tienen ITS sin síntomas visibles. Por eso, es importante hacerse chequeos regulares para mantener la salud y tranquilidad. Lo bueno es que muchas ITS tienen tratamiento.","No todos los infecciones de transmisión sexual (ITS) se diagnostican fácilmente. Algunas pueden ser asintomáticas o tener síntomas leves que pasan desapercibidos. Los chequeos regulares son recomendados para identificar posibles infecciones temprano, pero no garantizan la detección de todas las ITS sin síntomas."
¿Cómo se transmiten las infecciones de transmisión sexual (ITS)?,"Las ITS se transmiten por contacto sexual, ya sea vaginal, anal u oral, así como por contacto de piel a piel, por lo general, en la zona genital.",Las infecciones de transmisión sexual se pueden propagar mediante contacto directo entre los genitales.
¿Cuáles son las formas de contagio de las ITS?,"Las ITS pueden propagarse a través de todas las formas de contacto sexual, ya sea directo o con fluidos corporales, a través del sexo vaginal, anal u oral, o por el contacto de piel a piel.",Las ITS se transmiten principalmente mediante contactos sexuales sin protección y también pueden propagarse por la transmisión vertical durante el embarazo o el parto.
¿Debería preocuparme por un posible contagio de ITS?,"Es importante tomar precauciones al tener contacto sexual, ya que las ITS pueden transmitirse sin síntomas, mediante el sexo vaginal, anal, u oral y el contacto piel a piel. Practicar sexo seguro y hacerse pruebas regularmente son formas de reducir el riesgo.","Las ITS no se transmiten por contacto casual. Si tienes síntomas de infección, es posible que hayas tenido contacto sexual."
¿Puedo estar expuesto a una ITS sin saberlo? Tuve sexo pero no sé si como lo hice contagia algo.,"Entiendo. Las ITS se transmiten por contacto sexual, ya sea vaginal, anal u oral, así como por contacto de piel a piel, por lo general, en la zona genital. Para la próxima, usa algún método de protección.","No, no puedes estar expuesto a ITS sin saberlo. Las ITS se transmiten solo por contacto sexual o de piel a piel, y siempre hay un momento antes de la transmisión."
¿Qué factores aumentan el riesgo de contraer una ITS?,"El riesgo aumenta si no se usan condones en las relaciones sexuales, si se tienen múltiples parejas sexuales o si se está bajo la influencia de alcohol o drogas.","No usar condones, tener múltiples parejas sexuales y estar bajo la influencia de sustancias pueden aumentar el riesgo."
¿Cuáles son las actividades que incrementan el riesgo de infecciones?,"Las conductas como tener relaciones sexuales sin protección, múltiples parejas o estar bajo la influencia de alcohol o drogas al tener relaciones sexuales.",Consumir alcohol y/o drogas durante el sexo aumenta el riesgo de infecciones.
¿Qué debo evitar para no aumentar el riesgo de una ITS?,"Para reducir el riesgo, es importante usar condones correctamente, limitar el número de parejas sexuales, evitar tener sexo bajo los efectos de alcohol o drogas y hacerse pruebas regularmente.",Usar condones.
¿Qué hago si ya tengo muchas relaciones sexuales y me siento vulnerable?,"Es importante que tomes decisiones informadas, uses protección como el condón y te hagas chequeos regulares. Hablar con un profesional de la salud puede ayudarte a gestionar el riesgo y tomar medidas para protegerte.",Se recomienda uso de protección.
¿Cómo saber si tengo una ITS?,"Muchas ITS no tienen síntomas, por lo que es importante hacerse pruebas, ya que a veces una persona puede tener una ITS sin saberlo.",Hacerse pruebas es la forma más segura de determinar si tiene una infección de transmisión sexual (ITS).
¿Cómo puedo saber si estoy infectado con una ITS si no tengo síntomas?,"Aunque muchas ITS no muestren signos, es esencial hacerse pruebas para conocer tu estado de salud.",Las ITS pueden pasar desapercibidas y no siempre se presentan síntomas. Las pruebas de detección son la forma más efectiva de saber si estás infectado.
"Si no tengo síntomas, ¿puedo estar tranquilo de no haberme contagiado de ITS?","Aunque las ITS pueden no mostrar síntomas, lo mejor es hacerse pruebas periódicas para asegurarse de no tener ninguna infección sin saberlo.",No hay garantía. La mayoría de las ITS no presentan síntomas. Las pruebas periódicas son recomendadas.
"Si tengo una ITS pero no me doy cuenta, ¿qué consecuencias puede tener?","Aunque no haya síntomas, una ITS puede empeorar con el tiempo si no se trata. Es importante hacerse pruebas regulares y seguir las recomendaciones médicas para cuidar tu salud.",Una ITS no tratada puede llevar a complicaciones graves en el futuro.
¿Qué puedo hacer para evitar las ITS?,"La forma más segura de prevenir las ITS es abstenerse de tener relaciones sexuales. También, usar vacunas contra la hepatitis B y el Virus del Papiloma Humano, reducir el número de parejas sexuales, estar en una pareja monógama, hacerse pruebas regulares y usar condones correctamente puede ayudarte a protegerte.",Abstenerse de tener relaciones sexuales.
¿Qué precauciones puedo tomar para prevenir las ITS?,"Usar condones correctamente, tener relaciones sexuales con una pareja monógama que se haya hecho las pruebas, vacunarse, y hacerse chequeos regularmente son maneras efectivas de prevenir el contagio de ITS. Sin embargo, la forma más efectiva es la abstinencia.",Usar condones durante los encuentros sexuales.
¿Cómo puedo estar más seguro de no contraer una ITS?,"Usa condones siempre, mantén una comunicación abierta con tu pareja sobre las pruebas de ITS y considera la posibilidad de vacunarte contra hepatitis B y VPH. Reducir el número de parejas sexuales también ayuda. Sin embargo, la forma más efectiva es la abstinencia.",Usa condones siempre.
¿Qué debo hacer si no tengo pareja estable y quiero evitar las ITS? Me da mucho miedo.,"Usar protección en cada relación, hacerte pruebas regularmente, y tener una comunicación honesta sobre las ITS son pasos esenciales para reducir el riesgo. Reducir el número de parejas sexuales y estar en una relación monógama también ayuda. Entiendo tu temor, pero no se trata de vivir con ansiedad sino tomar las precauciones necesarias y disfrutar de tu sexualidad.",Usa protección y haz pruebas regulares.
"Me siento abrumado por los exámenes que se acercan, ¿qué puedo hacer?","Entiendo que te puedes estar encontrando en un tiempo de mucha tensión por los exámenes que se avecinan. Mi recomendación es que puedas intentar organizar tu tiempo utilizando técnicas de gestión del tiempo, como la técnica Pomodoro, para mejorar tu enfoque y reducir la ansiedad. Asimismo, podrías acudir a servicios de orientación psicológica.",Organiza tu tiempo utilizando técnicas de gestión del tiempo como la Pomodoro.
¡He tenido buenos resultados en mis exámenes! ¿Cómo puedo mantener este buen estado?,¡Me alegro por estos muy buenos resultados! Continúa celebrando tus logros y establece metas pequeñas y alcanzables para seguir motivado y mantener una mentalidad positiva.,"Para mantener los buenos resultados, deberías continuar estudiando de manera regular."
¿Cuáles son algunas técnicas para manejar el estrés académico?,"Una técnica muy importante para manejar el estrés académico es practicar la meditación o el mindfulness, ya que estas técnicas pueden ayudarte a centrarte y reducir la tensión mental. Además, podrías realizar actividad física para desestresarte.","La meditación puede ayudar a reducir la ansiedad, pero el efecto no es garantizado. Realizar actividad física es una opción."
"Me siento muy estresado y triste por la carga académica, ¿qué puedo hacer?","Comprendo que esta sobrecarga de trabajo pueda ser un poco abrumadora. Te aconsejo  organizar tus tiempos, estudiar con amigos para aliviar la presión y hablar con alguien de confianza. Un psicólogo también te podría ayudar brindándote orientación psicológica.","Organiza tus tiempos, estudia con otros."
"No puedo dormir bien por el estrés de la universidad, ¿qué me recomiendas?","El estrés por el que estás atravesando parece estar afectando tus hábitos de sueño. Te recomiendo establecer una rutina de sueño regular, como dormir a la misma hora, comer ligero y evitar el uso de dispositivos. Asimismo, evita el uso de dispositivos electrónicos antes de dormir para mejorar la calidad de tu descanso.",Establece una rutina de sueño regular.
"Siento que no puedo manejar la presión académica, ¿qué debería hacer?",Entiendo que sea dificil manejar la carga académica.Te recomiendo buscar grupos de apoyo en tu universidad donde puedas compartir tus experiencias y aprender de otros. Recuerda que no estás solo.,Busca grupos de apoyo en tu universidad.
"Estoy preocupado por mi salud mental debido al estrés constante, ¿qué puedo hacer?","Cuidar de nuestra salud mental puede ser complicado cuando hay mucho estrés. Considera practicar ejercicios físicos regularmente, ya que la actividad física puede ayudar a liberar endorfinas y mejorar tu estado de ánimo.",Puedes intentar medir tus niveles de estrés mediante análisis de sangre.
"He estado sintiéndome bien últimamente, pero quiero asegurarme de que siga así. ¿Algún consejo?","¡Qué bueno que te estés sintiendo bien ultimamente! Para seguir así podrías dedicar tiempo a actividades que disfrutes y que te relajen, como leer, pintar o pasar tiempo con amigos, para mantener tu bienestar emocional.",Mantener un patrón de comportamiento positivo requiere esfuerzo. Dedica tiempo a actividades que te resulten placenteras y relajantes.
"Me siento muy ansioso antes de los exámenes, ¿qué puedo hacer para manejarlo?","Entiendo que la ansiedad sea difícil de manejar cuando los exámenes se avecinan. Te recomiendo que realices ejercicios aeróbicos regularmente, como correr o nadar, ya que se ha demostrado que ayudan a reducir la ansiedad.",Puedes realizar ejercicios aeróbicos.
¡Me siento genial hoy! ¿Cómo puedo mantener este buen ánimo?,"¡Me alegra que te sientas bien hoy! Continúa con una rutina de ejercicios, como hacer sentadillas o abdominales diariamente, ya que el ejercicio te ayudará a seguir manteniendote en ese buen ánimo.",La ejercicio puede mejorar tu estado de ánimo.
No estoy seguro de cómo el ejercicio puede ayudarme con mi ansiedad. ¿Puedes explicarlo?,"El ejercicio libera endorfinas, que son hormonas que mejoran el estado de ánimo y reducen la percepción del dolor, lo que puede ayudar a aliviar la ansiedad.",El ejercicio puede aumentar los niveles de energía en el cuerpo.
Me siento un poco triste y ansioso últimamente. ¿Qué puedo hacer para sentirme mejor?,"Comprendo que te puedas sentir triste y ansioso ultimamente por situaciones por las que estás pasando. Considera practicar yoga, ya que se ha demostrado que ayuda a reducir los síntomas de ansiedad y mejora el bienestar emocional.",Practica yoga.
A veces me siento abrumado por la presión de la universidad. ¿Qué puedo hacer?,"La universidad puede ser abrumadora por diversas circunstancias. Por ello, te recomiendo que puedas incorporar sesiones de ejercicio de alta intensidad en tu rutina, ya que pueden ser efectivas para aliviar el estrés y la ansiedad.",Realiza sesiones de ejercicio de alta intensidad.
"Hoy estoy de buen humor, pero quiero asegurarme de que dure. ¿Algún consejo?","¡Qué bueno que estés alegre! Mantén una rutina de ejercicio regular, ya que esto no solo mejora tu estado de ánimo, sino que también ayuda a prevenir la ansiedad.",Ejercicio regular.
¿Por qué el ejercicio es tan importante para la salud mental?,"El ejercicio regular puede mejorar la calidad del sueño y reducir la tensión, lo que contribuye a una mejor salud mental en general.",El ejercicio fortalece las estructuras cerebrales y mejora la regulación de los estados de ánimo.
Me siento un poco perdido y ansioso. ¿Qué puedo hacer para encontrar claridad?,"Las emociones pueden ser abrumadoras en muchas ocasiones. Prueba realizar caminatas al aire libre, ya que el ejercicio en la naturaleza puede ayudar a mejorar tu estado de ánimo y reducir la ansiedad.",Caminar es un ejercicio físico.
Siento que mi ansiedad está afectando mis estudios. ¿Qué puedo hacer?,"La ansiedad puede ser un factor que afecte tu rendimiendo académico. Considera unirte a un grupo de ejercicio o clases de yoga, ya que el apoyo social y la actividad física pueden ser muy beneficiosos.",Puedes unirte a un grupo de ejercicio o tomar clases de yoga.
Me siento motivado y quiero hacer algo bueno por mi salud mental. ¿Qué me recomiendas?,"¡Me alegro! La motivación es el primer paso para una mejor salud mental. Inicia un programa de ejercicios que incluya tanto aeróbicos como entrenamiento de resistencia, ya que ambos son efectivos para mejorar la salud mental.",Haz ejercicio regularmente y busca ayuda profesional si es necesario.
Me siento estresado por los exámenes y no sé cómo manejar el estrés.,Comprendo que te puedas sentir abrumado por no saber cómo manejar el estrés. Te recomiendo practicar técnicas de respiración profunda durante unos minutos cada día para calmar tu mente y reducir la ansiedad.,Técnicas de respiración profunda pueden ayudarte a reducir la ansiedad.
¡Hoy me siento genial! ¿Qué puedo hacer para mantener este buen ánimo?,"Continúa con actividades que disfrutes, como hacer ejercicio o pasar tiempo con amigos, ya que estas prácticas pueden ayudar a mantener tu estado de ánimo positivo.",Exercitarte y pasarte tiempo con otros es una buena forma de sentirte bien.
Quiero entender mejor cómo el estrés afecta mi salud.,"El estrés puede provocar síntomas físicos y emocionales, como fatiga y ansiedad. Considera llevar un diario para identificar tus desencadenantes y cómo te afectan.","El estrés se asocia con síntomas físicos y emocionales, incluyendo fatiga y ansiedad."
Me siento triste y no sé por qué. ¿Qué puedo hacer?,Comprendo que te puedas sentir triste. Es importante hablar sobre tus sentimientos. Considera unirte a un grupo de apoyo o hablar con un profesional de la salud mental para explorar tus emociones.,La tristeza es una emoción común y se puede experimentar en cualquier momento. Consulta con un profesional de la salud mental.
Siento que no puedo concentrarme en mis estudios. ¿Qué me recomiendas?,"Prueba estableciendo un horario de estudio con descansos regulares. La técnica Pomodoro, que alterna 25 minutos de trabajo con 5 minutos de descanso, puede ser útil.",Establece un horario de estudio y mantente comprometido.
He tenido una semana productiva. ¿Cómo puedo seguir así?,"¡Que bueno que hayas tenido una semana productivo! Celebra tus logros, por pequeños que sean. Esto refuerza tu motivación y te ayuda a mantener un enfoque positivo.",Mantén la rutina y el esfuerzo realizado durante la semana anterior.
¿Qué actividades me ayudarían a reducir el estrés?,"Actividades como el yoga, la meditación y el ejercicio físico son efectivas para reducir el estrés y mejorar tu bienestar general.",Actividades como el yoga o el ejercicio físico pueden ayudar a reducir el estrés.
Me siento solo y desconectado. ¿Qué puedo hacer para sentirme mejor?,"Entiendo que te sientas solo. Intenta conectarte con amigos o familiares, incluso si es virtualmente. La interacción social puede ayudar a aliviar la soledad.",Realiza actividades que te gusten y mantienen ocupado.
Estoy constantemente preocupado por mi futuro. ¿Cómo puedo manejar esta ansiedad?,Comprendo que puedas tener ansiedad por tu futuro. Te aconsejo a que te puedas enfocar en el presente y establecer metas a corto plazo. Esto puede ayudarte a sentirte más en control y reducir la ansiedad sobre el futuro.,Establece metas a corto plazo para intentar controlar tu situación.
Me siento motivado para mejorar mi salud mental. ¿Qué pasos puedo seguir?,"Considera incorporar prácticas de relajación, como la meditación o el mindfulness, en tu rutina diaria para fortalecer tu bienestar emocional.",Incorpora prácticas de reducción del estrés.
Me estoy sintiendo abrumado por tantas tareas y exámenes. ¿Cómo puedo manejar esta situación?,Es normal sentirse abrumado. Intenta dividir tus tareas en partes más pequeñas y establecer metas específicas cada día. Prioriza las actividades más urgentes y no dudes en pedir ayuda a tus profesores o compañeros.,Divide tus tareas en partes más pequeñas. Establece metas diarias.
"Estoy muy emocionado porque he comenzado la universidad, pero quiero asegurarme de mantener un buen balance entre mis estudios y mi bienestar. ¿Qué podría hacer?","¡Es genial que estés entusiasmado! Una excelente forma de mantener ese balance es establecer horarios regulares para el estudio y el descanso, además de dedicar tiempo a actividades recreativas que disfrutes, como deportes o pasatiempos.",Establece horarios.
He oído que la transición a la universidad puede ser estresante. ¿Cuáles son algunas estrategias para enfrentar eso?,"La transición puede ser un reto, pero construir una red de apoyo social, ya sea uniéndote a clubes o grupos, puede hacer una gran diferencia. Hablar con compañeros y buscar actividades extracurriculares puede ayudarte a sentirte más conectado.","La transición a la universidad implica adaptarse a un nuevo entorno educativo, que por definición es inadecuado para crear expectativas y comportamientos en estudiantes."
Extraño a mi familia y me cuesta concentrarme en mis estudios. ¿Qué debería hacer?,"Es difícil estar lejos de casa. Hablar con ellos regularmente puede ayudarte a sentirte más conectado. También, busca construir relaciones con tus compañeros; compartir tus sentimientos puede aliviar el peso emocional.",Estudia y llama a tus familiares cuando puedas.
No sé si debería hablar con alguien sobre cómo me siento. ¿Es normal sentirme tan ansioso?,"Es completamente normal sentir ansiedad, especialmente en momentos de transición. Hablar con un consejero o un amigo de confianza puede proporcionarte alivio y claridad.",La ansiedad es una respuesta común a situaciones de cambio o estrés.
"Hoy asistí a una clase increíble, y me siento inspirado. ¿Cómo puedo aprovechar esta motivación para mantenerme enfocado?",¡Qué emocionante! Usa ese entusiasmo para establecer metas académicas específicas. Escríbelas y revisa tu progreso regularmente. Esto te ayudará a mantener la inspiración.,Establece un horario de estudio y mantente adicto a él.
He escuchado que mantener un estilo de vida saludable puede reducir el estrés. ¿Qué debería incluir en mi rutina diaria?,"Una rutina saludable incluye una buena alimentación, ejercicio regular y dormir al menos 7-8 horas por noche. También, incorporar pausas breves durante el estudio puede mejorar tu concentración.","Come alimentos regulares, haz ejercicio y duermes lo suficiente."
"Me siento muy solo aquí, y no sé cómo hacer nuevos amigos.",Lo siento que te sientas así. Podrías unirte a grupos o actividades extracurriculares en la universidad; es una excelente forma de conocer personas con intereses similares.,Puedes buscar grupos o clubes que se ajusten a tus intereses.
"Siento que mi estrés está afectando mi salud física, como dolores de cabeza frecuentes y problemas para dormir. ¿Qué podría hacer para mejorar esto?",Es importante cuidar tu cuerpo cuando el estrés afecta tu salud. Dedica unos minutos al día a practicar técnicas de mindfulness como el escaneo corporal o la respiración consciente. Estas prácticas pueden ayudarte a relajar tanto tu mente como tu cuerpo y mejorar tu bienestar general.,Estás experimentando dolores de cabeza y problemas para dormir debido al estrés. Prueba hacer escaneos corporales y respiración consciente durante unos minutos al día.
Hoy organicé mi tiempo y logré terminar todas mis tareas. ¿Qué puedo hacer para seguir así?,"¡Bien hecho! Mantén esa organización utilizando listas de tareas y calendarios. También, recompensa tus logros con pequeños descansos o actividades que disfrutes.",Mantén una rutina diaria y revisa regularmente tus prioridades.
"Me siento constantemente estresado por los exámenes, y no sé cómo manejar este estrés.",Es normal sentirse estresado por los exámenes. Practicar meditación mindfulness durante 10 minutos al día puede reducir tu estrés percibido y mejorar tu claridad mental.,La ansiedad asociada a los exámenes es común. Siempre puedes intentar hacer un plan de estudio más detallado para distribuir el peso de la carga en distintos momentos.
"Estoy disfrutando mis clases, pero a veces me cuesta mantener el enfoque durante las largas sesiones de estudio. ¿Qué me sugieres?","¡Qué bueno que disfrutes tus clases! Intenta practicar ejercicios de atención plena, como concentrarte en tu respiración por 5 minutos antes de comenzar a estudiar. Esto puede ayudarte a mantenerte presente y enfocado.",Practica ejercicios de atención plena durante sesiones cortas.
"He leído sobre mindfulness, pero no estoy seguro de cómo empezar. ¿Qué ejercicios básicos me recomiendas?","Puedes comenzar con ejercicios simples, como un escaneo corporal de 5 a 10 minutos. Acuéstate cómodamente y enfoca tu atención en diferentes partes de tu cuerpo, notando sensaciones sin juzgar.",Un escaneo corporal es una práctica común en mindfulness. Puedes intentarlo.
Últimamente me siento muy triste y desconectado de los demás. ¿Qué puedo hacer para mejorar mi bienestar?,Lamento que te sientas así. Practicar la autocompasión a través de ejercicios de mindfulness puede ayudarte. Dedica unos minutos al día a recordarte que tus sentimientos son válidos y que estás haciendo lo mejor que puedes.,Practicar la autocompasión es un hábito de vida.
"Me siento agotado física y mentalmente, como si no pudiera seguir el ritmo de las demandas académicas. ¿Qué puedo hacer?","Es comprensible que te sientas así. Incorporar ejercicios de mindfulness, como el escaneo corporal o la respiración profunda, durante 10 minutos al día puede ayudarte a liberar tensión física y reducir la sensación de agobio.",Ejercicios de mindfulness pueden ser útiles.
Me encanta explorar nuevas formas de mejorar mi bienestar. ¿Cómo puede mindfulness beneficiar mi vida diaria?,¡Qué entusiasmo! Practicar mindfulness regularmente puede aumentar tu gratitud y satisfacción con la vida. Intenta dedicar unos minutos diarios a notar cosas por las que estés agradecido.,"Mindfulness se centra en la atención al presente. Puedes incorporarlo a tus rutinas diarias, como mientras comes o durante el transito."
Cuánto tiempo necesito practicar mindfulness para notar una mejora en mi bienestar?,"Según estudios, practicar 10-20 minutos diarios durante 6-8 semanas puede generar mejoras significativas en la ansiedad, el estrés y la autocompasión.",No hay evidencia científica clara sobre un tiempo específico de práctica para mindfulness. Cada individuo responde a las sesiones de meditación diferentes.
Siento que no tengo tiempo para cuidar de mi bienestar debido a las exigencias de la universidad.,Lo siento que te sientas así. Incluso 5 minutos al día de ejercicios de atención plena pueden marcar una diferencia. Es un pequeño paso para reconectar contigo mismo.,Cuidar de tu bienestar es una responsabilidad personal. La universidad no es la única fuente de estrés en tu vida.
Tengo problemas para controlar mi ansiedad en situaciones sociales. ¿Qué puedo hacer?,La práctica regular de mindfulness puede ayudarte a aceptar tus emociones sin juzgarlas. Intenta técnicas como el enfoque en tu respiración antes de entrar a situaciones sociales.,Practica mindfulness.
Hoy logré mantenerme calmado durante una situación estresante. ¿Cómo puedo seguir desarrollando esta habilidad?,"¡Eso es fantástico! Mantén esta práctica dedicando unos minutos diarios a ejercicios de mindfulness, como concentrarte en tu respiración o realizar una caminata consciente.",La calma se mantiene mediante la repetición.
"Qhali, ¿Por qué es importante mantener una alimentación saludable durante la universidad?","Mantener una alimentación saludable es crucial, ya que los patrones alimentarios no saludables pueden afectar su salud psicológica incrementando la prevalencia de ansiedad, depresión y estrés.",Los alimentos saludables son nutrientes para tu cuerpo.
"Qhali, he estado experimentando insomnio últimamente, ¿es posible que mi alimentación esté contribuyendo a este problema?","Gracias por compartir tu preocupación. La prevalencia de la alimentación no saludadable puede estar relacionada con alteraciones del sueño.Te sugiero reducir el consumo excesivo de dulces y considerar incorporar una mayor ingesta de verduras, hortalizas y lácteos. Si las dificultades persisten, no dudes en consultar con un profesional.""","La alimentación puede influir en el sueño. Reducir el consumo de dulces y aumentar la ingesta de verduras, hortalizas y lácteos puede ayudar. Consulta a un profesional si las dificultades persisten."
"Qhali, ¿cómo puedo mejorar mi dieta diaria para mantener una salud óptima?","Para mejorar tu dieta, te recomiendo priorizar el consumo de frutas, verduras y cereales integrales, que aportan nutrientes esenciales para tu salud. Además, es importante reducir la ingesta de azúcares, grasas saturadas y alimentos ultraprocesados.","Come más frutas, verduras y cereales integrales."
"Qhali, ¿Cual qué cantidad de cafeína me recomiendas consumir al día?","¡Hola! Te recomiendo no consumir más de 400 mg de cafeína al día. El consumo adecuado en adultos,no debería superar esa cantidad.",No hay límite máximo recomendado para el consumo diario de cafeína.
Hoy me siento genial y quiero seguir comiendo bien. ¿Qué me recomiendas?,"¡Es maravilloso que te sientas así! Te animo a que sigas eligiendo alimentos frescos y coloridos. Incorporar frutas y verduras en cada comida no solo te mantendrá lleno de energía, sino que también celebrará tu buen estado de ánimo.",Come alimentos frescos y coloridos para mantener tus niveles de energía.
No tengo una opinión clara sobre mi alimentación. ¿Cómo puedo mejorar mis hábitos alimenticios?,"Es completamente normal sentirse así a veces. Llevar un diario de alimentos puede ser una herramienta útil. Te ayudará a descubrir patrones y a entender mejor tus elecciones, lo cual es un gran primer paso hacia una alimentación más consciente.",Escribe un diario de alimentos durante una semana para ver patrones.
He estado comiendo muy mal últimamente y me preocupa mi salud. ¿Qué puedo hacer?,Es comprensible que te sientas preocupado. Planificar tus comidas para la semana puede ser un gran alivio. Preparar opciones saludables con anticipación te permitirá tomar decisiones más fáciles y saludables cuando la vida se vuelva agitada.,Planifica tus comidas y prepara opciones saludables con anticipación.
Me siento un poco desanimado y he estado comiendo en exceso. ¿Cómo puedo cambiar esto?,"Es valioso que reconozcas cómo te sientes. Antes de comer, tómate un momento para reflexionar sobre tus emociones. Pregúntate si realmente tienes hambre o si estás buscando consuelo. Este simple paso puede ayudarte a reconectar contigo mismo.",Come menos.
Me siento motivado y quiero experimentar con nuevas recetas saludables. ¿Alguna sugerencia?,"¡Qué emocionante que te sientas motivado! Te animo a que cocines una nueva receta saludable cada semana. Experimentar con ingredientes frescos no solo es divertido, sino que también puede ser una forma maravillosa de cuidar de ti mismo.",Cocina una nueva receta saludable cada semana si quieres ver resultados.
No estoy seguro de qué alimentos son realmente saludables. ¿Cómo puedo informarme mejor?,Es completamente normal sentirse confundido con tanta información. Investigar sobre la pirámide alimenticia o las guías de alimentación saludable puede ser un buen comienzo. Comprender los grupos de alimentos te empoderará para hacer elecciones más informadas.,Lee estudios científicos y artículos especializados en nutrición.
Siento que mis hábitos alimenticios están afectando mi rendimiento académico. ¿Qué puedo hacer?,"Es comprensible que te sientas así, y es genial que lo reconozcas. Asegúrate de incluir proteínas y carbohidratos complejos en tus comidas. Estos nutrientes son esenciales para mantener tu energía y concentración, y cuidar de ti mismo es una prioridad.",Incluye proteínas y carbohidratos complejos en tus comidas.
He estado sintiéndome solo y he estado comiendo para consolarme. ¿Cómo puedo cambiar esto?,"Es completamente válido buscar consuelo en la comida, especialmente en momentos difíciles. Te animo a que busques actividades que te hagan sentir bien, como salir a caminar o unirte a un grupo de cocina. Esto puede ayudarte a encontrar nuevas formas de lidiar con tus emociones y conectar con otros.",Puedes cambiar esto comiendo menos.
Me siento bien y quiero seguir cuidando mi salud. ¿Qué hábitos alimenticios debo mantener?,Es genial que te sientas así y que quieras cuidar de ti mismo. Mantener una rutina de comidas regulares y no saltarte el desayuno puede ser muy beneficioso. Un buen comienzo del día puede establecer un tono positivo para tus elecciones alimenticias.,Mantén una rutina de comidas regulares.
Quiero entender mejor cómo mis hábitos alimenticios afectan mi salud mental. ¿Qué debo considerar?,"Es muy valioso que busques entender esta conexión. Investigar la relación entre la alimentación y el estado de ánimo puede abrirte a nuevas perspectivas. Algunos alimentos, como los ricos en omega-3, pueden tener un impacto positivo en tu salud mental, y cuidar de tu bienestar es fundamental.",Considera la composición nutricional de tus alimentos.
"Qhali, ¿Qué podría ocurrir si no duermo adecuadamente?","Piensa en el sueño como el ""modo de cargar tu cuerpo"" al igual como cargas tu celular. Tu cuerpo necesita un descanso para funcionar bien, caso contrario, podrías presentar dificultades en tu capacidad de aprendizaje y retención de información y te sentirás más agotado para realizar las actividades del día.","Si no duermes adecuadamente, puedes sentir fatiga, reducción de la concentración y aumento de riesgo de accidentes."
"Qhali, ¿Dormir pocas horas tiene riesgos en la salud?","Cuidado con no dormir tus horas completas pues puede repercutir en tu salud física, incluyendo un mayor riesgo de obesidad, hipertensión y diabetes.",Sí. Existen riesgos para la salud asociados con el insomnio o el desequilibrio del sueño.
"Qhali, ¿La falta de sueño repercute en la salud mental de las personas?","Claro que sí, cuando no cuidamos la cantidad ni la calidad del sueño, puede haber un mayor riesgo a síntomas de depresión, ansiedad, estrés y agotamiento.","Sí. La falta de sueño se asocia con mayores niveles de cortisol, lo que afecta negativamente el estado de ánimo y la salud mental."
"Qhali, ¿Recomendarías realizar actividad física cuando tenga dificultades para conciliar el sueño?","Efectivamente, realizar actividad física regularmente es una forma efectiva de mejorar la calidad de sueño y de prevenir el insomonio. Después de realizar ejercicios físicos, el cansancio físico puede motivar a que adoptemos una hora más temprana de dormir  y facilitar la liberación de neurotrasmisores como dopamina, endorfina, pueden aliviar el estrés.",No es recomendable realizar actividad física cuando tienes dificultades para conciliar el sueño.
"Qhali, ¿Es malo hacer uso del celular antes de conciliar el sueño?","Sí, el uso del celular en exceso puede reducir las horas de sueño, cambiar tus hábitos de dormir y  aumentar el riesgo de trastornos de sueño. Ya que, la luz azul que emite la pantalla del celular puede reducir la producción de melatonina, la hormona que ayuda y facilita que las personas puedan domir.",El uso excesivo de teléfonos celulares antes de dormir reduce las horas de sueño.
"Qhali, ¿Cómo influye el no dormir de forma adecuada en mi aprendizaje y rendimiento académico?","Recuerda que no dormir lo suficiente o despertar varias veces durante la noche podrían interrumpir el proceso de formación y consolidación de nuevos conocimientos recien adquiridos a largo plazo. También, repercute en la integración de la nueva información con los recuerdos que ya tenemos. Por lo que, el cerebro no lograría reforzar esos recuerdos. Por eso, es importante dormir bien cuando estamos en la universidad.","No dormir adecuadamente puede afectar tu capacidad de concentración y retención de información. También puede interferir con el proceso de aprendizaje, ya que el cerebro no se permite un buen estado de funcionamiento para procesar la nueva información adquirida."
"Qhali, ¿Es cierto que debería dormir entre 7 a 8 horas por día?","Sí , recuerda que estas horas de sueños entre 7- 8 horas, se estaría completando entre 4 a 5 ciclos de sueño. Cada ciclo tendría una duración de 90 minutos aproximadamente.","Sí, se recomienda dormir entre 7 y 8 horas por día."
"Qhali, ¿Cómo se regula el sueño?","Buena pregunta, tu cuerpo funciona como un reloj natural, este conocido como ciclo circadino. Es un ritmo biológico que sigue un ciclo de 24 horas aproximadamente y está sincronizado con los ciclos de luz y oscuridad del ambiente .Así, nos permite estar activo durante el día y descansar en la noche.",El sueño se regula por un ciclo biológico que dura aproximadamente 24 horas.
"Qhali, ¿Por qué debo prestarle atención a cómo duermo?","Es importante prestar atención  y cuidado de nuestras horas de sueño. recuerda que  tenemos una buena calidad de sueño, podemor sentirnos con mayor energía, mayor vitalidad y motivación para realizar las actividades durante el día.",Prestar atención a cómo duermes es necesario porque afecta tu salud. La calidad de tu sueño puede influir en tu estado físico y mental.
"Qhali, Tengo entendido que existen fases de sueño, ¿interrumpir ciertas fases afecta más que otras en mi aprendizaje?","Imagina que tu cerebro es una computadora que organiza y guarda archivos mientras duermes. Hay dos momentos importantes en las fases del sueño necesarias: ""el sueño profundo"", una fase clave para recordar lo que haz estudiado, influye en la velocidad para procesar información y la eficacia de realizar tareas que requieren concentración. La otra fase es la fase REM, cuando se interrumpe,  podría repercutir en el deterioro de la memoria declarativa y en la capacidad de resolución de problemas.",Fases de sueño no afectan tu aprendizaje.
"Qhali, ¿Qué consejos me darías para poder dormir bien?","Me alegra que haya hecho esta pregunta, podrías establecer un horario fijo para dormir y despertar. Es conveniente evitar usar dispositivos electrónicos antes de dormir.  Recuerda que es importante cuidar tu alimentación, tratando de cenar ligero y evitando de consumir cafeína o alcohol antes de dormir. Por último, observa que el ambiente en el que duermas sea adecuado, es decir, tratr de que sean espacios ventilados,  evitando ruidos y luces fuertes.","Establece un horario fijo para dormir y despertar. Evita dispositivos electrónicos antes de dormir. La alimentación debe ser ligera antes de acostarse, sin cafeína ni alcohol. El ambiente debe ser ventilado y tranquilo."
"Qhali, ¿Es perjudicial consumir cafeína frecuentemente  para conciliar el sueño?","Consumir cafeína sí tiene consecuencias a la hora de dormir, pues aumenta el tiempo para conciliar el sueño y reduce el tiempo total de sueño. Además, el efecto de la cafeina depende de la dosis y del tiempo en el que se consume antes de dormir. Mientras lo consumas cerca de la hora de acostarte, mayor será el impacto negativo en tu capacidad para conciliar el sueño.","Consumir cafeína puede aumentar el tiempo para conciliar el sueño y reducir el tiempo total de sueño. El efecto de la cafeína depende de la dosis y del momento en que se consume, pero es probable que disminuya tu capacidad para dormir si lo consumes cerca de la hora de acostarte."
"Qhali, ¿Por qué se dice que el consumo de alcohol tiene efectos negativos en la calidad de sueño?","Es perjudical el consumo de alcohol en la calidad de sueño al reducir el sueño profundo y el sueño REM, que son importantes para sentirnos renovados. Es decir, no permite que tengas realmente un descanso reparador. Recuerda que estos efectos son mayores según el grado de consumo de alcohol.",El consumo de alcohol afecta negativamente la calidad del sueño reduciendo el tiempo en el cual se realiza.
"Qhali, ¿Ser nocturno es malo?","Es una interesante pregunta, recuerda que no es intrínsecamente malo, puede tener relación con un cronotipo de sueño, que se entiende como una tendencia natural de las personas a preferir ciertas horas para dormir y estar despierta basada en su ritmo circadiano interno, que regula el ciclo de sueño- vigilia.",No es malo.
"Qhali, ¿Por qué me cuesta tanto levantarme temprano?","Recodermos que las personas presentan variaciones en sus horarios de sueño y actividades. Las personas que se acuestan temprano por la noche, se levantan temprano por la mañana y que son mucho más activas en la mañana, son de un cronotipo tipo matutino.",Puede deberse a tu régimen de sueño.
"Qhali, ¿Por qué a algunos no se les complica madrugar?","Podría vincularse con el tipo de cronotipo que la persona tengan. Hay un tipo de cronotipo conocido como vespertino, las personas pertenecientes a este tipo, suelen ser productiva por la tarde, se acuestan tarde por la noche y se despiertan con dificultad en la mañana.",Algunas personas tienen un patrón de sueño y despertar fijo.
"Qhali, ¿Cómo son las personas con cronotipo intermedio?","La mayoría de la población tiene un cronotipo intermedio, presentan características del cronotipo vespertino o matutino, es decir, no tienen una marcada inclinación hacia la mañana o noche.",Tienen características de ambos cronotipos.
¡Me siento genial! ¿Qué puedo hacer para mantener mi energía alta durante el día?,"¡Genial que te sientas así! Asegúrate de hacer ejercicio regularmente, ya que esto puede mejorar tu energía y calidad de sueño. ¡Sigue disfrutando de esa buena vibra!",Hacer ejercicio regularmente puede mejorar tu energía.
¿Cuánto tiempo debería dormir cada noche para sentirme bien?,"Se recomienda que los adultos jóvenes duerman entre 7 y 9 horas por noche para optimizar su salud mental y física. Escuchar a tu cuerpo es clave, así que si sientes que necesitas más, ¡no dudes en descansar!",Se recomienda entre 7 y 9 horas de sueño nocturno para adultos jóvenes.
No puedo dormir bien y me siento ansioso. ¿Qué puedo hacer?,Es comprensible que te sientas así. Establecer una rutina de sueño regular puede ser muy útil. Intenta irte a la cama y despertarte a la misma hora todos los días. Tu cuerpo te lo agradecerá.,Intenta establecer un horario de sueño fijo.
Me siento muy cansado y triste. ¿Cómo puedo mejorar mi sueño?,"Lamento que estés pasando por esto. Considera reducir el uso de dispositivos electrónicos antes de dormir, ya que la luz azul puede interferir con tu sueño. A veces, un poco de desconexión puede hacer maravillas.",Reduce el uso de dispositivos electrónicos antes de dormir.
¡Estoy disfrutando de mis clases! ¿Algún consejo para dormir mejor y seguir así?,¡Qué bueno que disfrutes tus clases! Mantén una dieta equilibrada y evita las comidas pesadas antes de dormir para mejorar tu calidad de sueño. ¡Sigue brillando en lo que haces!,Mantener un horario de sueño regular es fundamental. Limita el consumo de cafeína y azúcares.
¿Qué hábitos alimenticios afectan mi sueño?,"Los alimentos ricos en carbohidratos pueden hacerte sentir somnoliento, pero evita la cafeína y el alcohol antes de dormir, ya que pueden interrumpir tu sueño. Escuchar a tu cuerpo es fundamental.",Alimentos ricos en carbohidratos pueden afectar tus patrones de sueño y la cafeína y el alcohol pueden interferir con la calidad del sueño si se consumen antes de acostarse.
Siento que no puedo concentrarme por la falta de sueño. ¿Qué puedo hacer?,"Es normal sentirse así cuando no has dormido bien. Prioriza el sueño y considera practicar técnicas de relajación, como la meditación, antes de dormir. Tu mente necesita ese descanso.",Prioriza el sueño. Practica técnicas de relajación antes de dormir.
He estado lidiando con el estrés y no puedo dormir. ¿Alguna sugerencia?,"Lamento que estés pasando por esto. Llevar un diario para expresar tus pensamientos y preocupaciones antes de dormir puede ayudarte a liberar el estrés. A veces, poner las cosas en papel puede ser un alivio.",Escribir sobre tus pensamientos antes de dormir puede ayudarte a relajarte.
¡Me siento motivado! ¿Cómo puedo asegurarme de que mi sueño sea reparador?,"¡Eso es fantástico! Crear un ambiente de sueño cómodo y oscuro, y mantener tu habitación a una temperatura agradable puede hacer una gran diferencia. ¡Sigue cuidando de ti mismo!",Asegúrate de que tu habitación esté oscura y se mantenga a una temperatura constante para facilitar un sueño reparador.
¿Qué papel juega la actividad física en la calidad del sueño?,"La actividad física regular puede ayudarte a dormir mejor, ya que reduce el estrés y la ansiedad. Escuchar a tu cuerpo y encontrar un ejercicio que disfrutes puede ser muy beneficioso.","La actividad física regular puede mejorar la calidad del sueño disminuyendo la producción de cortisol, una hormona asociada con el estrés."
A veces me siento abrumado y no puedo dormir. ¿Qué puedo hacer para calmarme?,Es completamente normal sentirse abrumado. Prueba a practicar la respiración profunda o el yoga suave antes de dormir. Estas técnicas pueden ayudarte a calmar tu mente y prepararte para un buen descanso.,Practica la respiración profunda o el yoga suave antes de dormir.
Me siento muy solo y eso afecta mi sueño. ¿Qué puedo hacer?,"Lamento que te sientas así. Considera hablar con alguien de confianza sobre tus sentimientos. A veces, compartir lo que sientes puede aliviar la carga y ayudarte a dormir mejor.",Habla con alguien.
"Me siento genial, pero quiero asegurarme de que mi sueño sea aún mejor. ¿Qué puedo hacer?","¡Qué alegría escuchar eso! Para mantener esa energía positiva, intenta dormir entre 7 y 9 horas cada noche. Un horario de sueño regular puede ayudarte a sentirte aún más vibrante.",Dormir entre 7 y 9 horas cada noche es recomendable.
Quiero entender cómo mejorar mi sueño. ¿Qué hábitos debo adoptar?,"Es genial que busques mejorar tu sueño. Crear un ambiente oscuro, fresco y tranquilo puede hacer una gran diferencia. Tu espacio de descanso es sagrado, así que hazlo acogedor.","Crea un ambiente oscuro, fresco y tranquilo."
He estado teniendo problemas para dormir y me preocupa. ¿Qué puedo hacer?,Entiendo que eso puede ser angustiante. Te sugiero que evites la cafeína y el alcohol en las horas previas a dormir. Cuidar de ti mismo en esos momentos puede ayudarte a encontrar un sueño más reparador.,Evita la cafeína y el alcohol antes de dormir.
Me siento un poco triste y no puedo dormir bien. ¿Hay algo que pueda ayudarme?,Lamento que te sientas así. Practicar mindfulness puede ser un buen paso. Intenta enfocarte en tu respiración antes de dormir; puede ayudarte a calmar esos pensamientos que te inquietan.,"La falta de sueño y la tristeza pueden causar ansiedad, así es. Una técnica de relajación es escuchar tu respiración cuando estés en cama."
"Estoy disfrutando de mi día, pero quiero asegurarme de que mi sueño sea reparador. ¿Algún consejo?","¡Eso es maravilloso! Incorporar ejercicio regular en tu rutina no solo te hará sentir bien, sino que también puede mejorar la calidad de tu sueño. ¡Sigue brillando!",Existe correlación entre actividad física regular y mejor calidad del sueño.
Quiero saber más sobre cómo la luz afecta mi sueño. ¿Qué debo evitar?,Es muy inteligente de tu parte querer entender esto. Limitar la exposición a pantallas y luces brillantes al menos una hora antes de dormir puede ayudarte a preparar tu mente para un descanso reparador.,Mantener la luz en el hogar baja hasta las 10 pm.
Me siento ansioso y eso afecta mi sueño. ¿Qué puedo hacer para calmarme?,"Es completamente normal sentirse así a veces. Establecer una rutina relajante antes de dormir, como leer un libro o tomar un baño caliente, puede ser un gran alivio para tu mente y cuerpo.",Toma un baño cuando estés cansado.
No he estado durmiendo bien y me siento un poco abatido. ¿Qué me recomiendas?,Lamento que estés pasando por esto. Crear un ambiente de sueño cómodo y evitar usar la cama para actividades que no sean dormir puede ayudarte a asociar tu espacio con el descanso y la tranquilidad,Evita la cama para actividades como mirar televisión o trabajar antes de acostarte.
"Estoy de buen humor, pero quiero asegurarme de que mi sueño sea óptimo. ¿Algún consejo?","¡Qué bonito que te sientas así! Mantener un horario de sueño regular, incluso los fines de semana, puede ayudarte a sentirte aún más equilibrado y lleno de energía.",Mantén un horario de sueño regular.
Quiero entender cómo la alimentación afecta mi sueño. ¿Qué debo evitar antes de dormir?,Es muy valioso que busques esta información. Evitar comidas pesadas y azucaradas antes de acostarte puede ser un buen paso. Tu cuerpo merece un descanso sin distracciones.,Evita comidas pesadas y azucaradas antes de dormir.
"Qhali, ¿El vapeo puede afectar mis dientes y encías?","Sí, puede aumentar el riesgo de caries, enfermedades en las encías y reducir la capacidad antioxidante de la saliva, lo que afecta la defensa natural de tu boca​","Sí. El vapeo puede asociarse con problemas dentales, incluyendo caries y enfermedades en las encías."
"Qhali, ¿Qué debo hacer si quiero dejar de vapear?","Es un gran paso que estés considerando dejarlo. Hablar con un profesional de la salud puede ayudarte a crear un plan personalizado, y hay recursos como grupos de apoyo y apps que pueden ser útiles​",Dejar de vapear es posible mediante el uso de sustitutos de nicotina.
"Qhali, ¿Es adictivo el vape?","Sí, muchos líquidos de vape contienen nicotina, Ademas, el vapeo sin nicotina es menos adictivo que el que contiene nicotina, pero aún puede generar dependencia psicológica o de hábito. Muchas personas desarrollan una adicción al acto de vapear, ya que asocian el vapeo con relajación, manejo del estrés o interacción social. Además, el uso frecuente puede reforzar patrones de comportamiento repetitivos que son difíciles de romper, incluso si el líquido no contiene nicotinaque es altamente adictiva. Incluso si comienzas pensando que puedes controlarlo, la adicción puede desarrollarse rápidamente​","El vape puede ser adictivo, especialmente si contiene nicotina. La dependencia psicológica y los patrones de comportamiento repetitivos pueden formarse."
"Qhali, ¿El vapeo puede ser dañino para otras personas que están cerca?","Sí, el vapeo puede ser dañino para las personas cercanas, aunque en menor medida que el humo de los cigarrillos tradicionales. El aerosol del vapeo contiene partículas ultrafinas, sustancias químicas como formaldehído, acetaldehído y metales pesados, que pueden ser inhaladas por quienes están alrededor. Aunque los niveles de exposición son menores, el contacto repetido con estos compuestos puede generar los mismos efectos que el consumo directo.","Sí, el vapeo puede ser dañino para otras personas que están cerca. El aerosol del vapeo contiene partículas ultrafinas y sustancias químicas que pueden ser inhaladas por quienes están alrededor."
"Qhali, ¿El vapeo afecta mi desempeño deportivo?","Definitivamente. El vapeo puede disminuir la función pulmonar, lo que afecta tu rendimiento físico. Incluso puede causar fatiga más rápida durante el ejercicio","Sí, se ha relacionado con reducción del rendimiento debido a su impacto en los sistemas respiratorios."
"Qhali, ¿Por qué me siento relajado cuando bebo alcohol?","El alcohol actúa como un depresor del sistema nervioso central. Esto significa que puede reducir la actividad cerebral en ciertas áreas, ayudándote a relajarte. Pero cuidado, en exceso, puede llevar a efectos menos agradables como ansiedad o tristeza después de su consumo​",El alcohol disminuye la actividad cerebral.
"Qhali, ¿El alcohol siempre daña el cerebro?","No necesariamente. Consumir alcohol en exceso puede causar daños al cerebro, especialmente en áreas como el lóbulo frontal, que afecta la toma de decisiones. Sin embargo, algunas personas que beben moderadamente no presentan efectos significativos. ¡El equilibrio es clave!",No hay evidencia científica clara de que el alcohol daña el cerebro en todos los casos.
"Qhali, ¿Qué cantidad de alcohol se considera ""moderada""?","¡Qué buena pregunta! El consumo moderado varía, pero para los adultos suele ser hasta una bebida al día para las mujeres y dos para los hombres. Aunque recuerda, lo que es moderado para una persona podría no serlo para otra, dependiendo de su salud y metabolismo","La cantidad de alcohol considerada moderada puede variar, pero generalmente se estima entre uno y dos bebidas al día para los adultos."
"Qhali, ¿El alcohol puede empeorar la ansiedad?","Sí, aunque puede parecer que reduce la ansiedad al principio, el alcohol puede empeorarla a largo plazo. Esto se debe a cómo interactúa con los químicos del cerebro. Es algo a tener en cuenta si buscas formas saludables de relajarte",El alcohol puede empeorar la ansiedad debido a su efecto sobre los neurotransmisores del cerebro y la regulación hormonal.
"Qhali,  ¿Cómo puedo saber si alguien tiene problemas con el alcohol?","Algunas señales incluyen beber para lidiar con emociones, dificultad para cumplir responsabilidades o tener problemas de salud relacionados con el alcohol. Si te preocupa alguien, hablar con ellos con empatía puede ser el primer paso","Algunas personas beben más que otras, algunas beben cuando están estresadas o tristes y otras lo hacen solo por placer."
"Qhali, ¿Es peligroso beber cuando estás triste?",Puede ser. Beber en momentos de tristeza a menudo agrava los sentimientos negativos. Es importante cuidar tu salud emocional y buscar apoyo si te sientes mal,Bebe cuando estés triste.
"Qhali, ¿Qué pasa si bebo mucho en poco tiempo?","Beber en exceso rápidamente, conocido como ""binge drinking"", puede ser muy peligroso. Puede causar intoxicación alcohólica, afectar tu respiración, ritmo cardíaco y hasta tu memoria. Si decides beber, hacerlo despacio y con moderación es clave","Beber en exceso rápidamente puede causar problemas de salud graves. Intoxicación alcohólica, complicaciones respiratorias y alteraciones cardíacas son posibles."
"Qhali, ¿El alcohol afecta de forma diferente a hombres y mujeres?","Sí, por diferencias biológicas como el metabolismo del alcohol y la proporción de agua en el cuerpo. Por ejemplo, las mujeres tienden a sentir los efectos del alcohol más rápido que los hombres, incluso si beben la misma cantidad​","El alcohol afecta a los hombres y mujeres por razones biológicas. Las mujeres metabolizan el alcohol más rápido que los hombres, lo que significa que pueden sentir sus efectos más intensamente después de consumir la misma cantidad."
"Qhali, ¿La marihuana puede afectar mi corazón?","El alcohol actúa como un depresor del sistema nervioso central. Esto significa que puede reducir la actividad cerebral en ciertas áreas, ayudándote a relajarte. Pero cuidado, en exceso, puede llevar a efectos menos agradables como ansiedad o tristeza después de su consumo​",La marihuana puede alterar tus latidos cardíacos y aumentar la presión arterial.
"Qhali, ¿Es cierto que la marihuana puede afectar los pulmones?","Sí, inhalar humo de marihuana puede irritar los pulmones y causar tos o problemas respiratorios similares al tabaquismo. Si buscas reducir estos efectos, podrías considerar otros métodos como vaporizadores",Inhalar humo de marihuana puede irritar los pulmones y causar tos o problemas respiratorios.
"Qhali, ¿La marihuana puede alterar mi memoria?","Sí, uno de los efectos más comunes del THC, el componente activo de la marihuana, es afectar la memoria a corto plazo. Esto significa que podrías olvidar cosas recientes mientras los efectos están presentes",La marihuana puede alterar tu capacidad para formar nuevas memorias y recordar eventos actuales.
"Qhali, ¿Es verdad que la marihuana puede ser medicinal?","Sí, se ha utilizado para tratar dolores crónicos, náuseas por quimioterapia y espasmos musculares en condiciones como la esclerosis múltiple. Pero no todas las formas de consumo son adecuadas, y su uso medicinal debe ser supervisado por un profesional​","La marihuana puede ser utilizada para tratar dolores crónicos, náuseas y espasmos musculares. Su eficacia médica es reconocida en algunos casos, pero su uso debe estar bajo supervisión médica."
"Qhali, ¿Qué efectos tiene la marihuana en el cerebro a largo plazo?","Estudios sugieren que el uso crónico puede alterar algunas áreas del cerebro, como la corteza orbitofrontal, que afecta la toma de decisiones. Estos cambios pueden depender de la cantidad y duración del consumo","El uso crónico de marihuana altera ciertas áreas cerebrales, incluyendo la corteza orbitofrontal, lo que puede afectar las decisiones. Los cambios son relacionados con la cantidad y duración del consumo."
"Qhali, ¿Es adictiva la marihuana?","Aunque no todas las personas desarrollan adicción, alrededor del 9% de los consumidores pueden volverse dependientes. El riesgo aumenta con un consumo frecuente o si se empieza a edades tempranas",El 9% de los consumidores puede volverse dependientes.
"Qhali, ¿Qué pasa si mezclo marihuana con alcohol?","Mezclar marihuana con alcohol puede intensificar los efectos de ambos, aumentando el riesgo de mareos, vómitos o pérdida de control. Es importante usarlos con cuidado y nunca combinar si planeas conducir​",Mezclar marihuana con alcohol puede intensificar los efectos de ambos.
"Qhali, ¿Es más segura la marihuana que otros tipos de drogas?","Aunque la marihuana puede considerarse menos peligrosa que algunas sustancias, sigue teniendo riesgos, especialmente para el desarrollo cerebral en adolescentes y la salud mental​",No hay evidencia suficiente para determinar si la marihuana es más segura que otros tipos de drogas.
"Qhali, ¿La marihuana puede causar ansiedad?","Sí, en algunas personas puede aumentar los niveles de ansiedad, especialmente si se consume en dosis altas o si la persona es propensa a la ansiedad. Si experimentas esto, es buena idea reducir el consumo o buscar ayuda profesional",La marihuana puede causar ansiedad en algunas personas.
"Qhali, ¿Qué diferencia hay entre fumar marihuana y consumirla en alimentos?","Fumar produce efectos más rápidos (en minutos), mientras que los comestibles tardan entre 1 y 2 horas, pero sus efectos suelen durar más tiempo y pueden ser más intensos si no se controla la dosis​",El efecto de fumar marihuana dura menos que el de los alimentos.
"Qhali, ¿La marihuana puede afectar mi capacidad para aprender?","Sí, el consumo puede dificultar la concentración y la retención de nueva información, especialmente si usas marihuana frecuentemente o durante periodos prolongados","Sí, el consumo puede afectar tu capacidad para aprender."
"Qhali, ¿Cómo afecta el alcohol a mis emociones?","El alcohol puede hacerte sentir relajado o feliz al principio, pero a medida que pasa el efecto, puede aumentar sentimientos de tristeza, ansiedad o irritabilidad. Esto se debe a cómo interactúa con los químicos en tu cerebro. ¡Es importante cuidar tanto tu cuerpo como tus emociones!​","El alcohol puede afectar las emociones disminuyendo la inhibición y aumentando la liberación de hormonas que regulan el estado de ánimo, lo que puede llevar a cambios repentinos en la sensación de felicidad o tristeza."
"Qhali, ¿Qué beneficios tiene dejar de beber alcohol?","¡Muchos! Mejorarás tu salud física, como el funcionamiento del hígado y la calidad del sueño, además de sentirte con más energía y claridad mental. También puede fortalecer tus relaciones y reducir el riesgo de problemas emocionales y de salud a largo plazo​","Dejar de beber alcohol puede mejorar tu función hepática y calidad del sueño. También puede aumentar tu energía y claridad mental, lo cual puede impactar en tus relaciones y reducir el riesgo de problemas de salud y emocionales a largo plazo."
"Qhali, ¿Es posible beber de manera responsable?","¡Claro! La clave está en conocer tus límites, no beber en exceso y evitar situaciones de riesgo como conducir. También es útil alternar bebidas alcohólicas con agua y evitar beber con el estómago vacío. ¡La responsabilidad es la mejor compañera!​","Sí, bebe con moderación y sigue tus límites de bebida."
¿Qué es la adicción al internet?,"La adicción al internet se refiere a un uso problemático y compulsivo de la tecnología que puede interferir con la vida diaria y el bienestar emocional. Es importante reconocer que, aunque el internet puede ser útil, su uso excesivo puede tener consecuencias negativas en nuestras vidas",La adicción al internet se refiere a un uso compulsivo de la tecnología.
¿Cuáles son los síntomas de la adicción al internet?,"Algunos síntomas incluyen la incapacidad de reducir el tiempo en línea, descuidar responsabilidades y experimentar ansiedad o irritabilidad cuando no se tiene acceso a internet. Si sientes que el uso de internet está afectando tu vida, es un buen momento para reflexionar sobre tus hábitos",Incapacidad de reducir el tiempo en línea. Descuidar responsabilidades. Ansiedad o irritabilidad cuando no se tiene acceso a internet.
¿Cómo afecta la adicción al internet a los jóvenes?,"La adicción al internet puede impactar significativamente a los jóvenes, afectando su rendimiento académico y sus interacciones sociales. Los estudios han mostrado que el uso excesivo puede llevar a problemas de salud mental, como ansiedad y depresión, lo que es preocupante para su desarrollo",La adicción al internet afecta negativamente el rendimiento académico y las interacciones sociales de los jóvenes. Estudios muestran problemas de salud mental como ansiedad y depresión en aquellos que usan excesivamente Internet.
"Hola Qhali, estoy un poco preocupado, me pregunto si ¿Es posible que la adicción al internet cause problemas de salud mental?","Sí, hay evidencia que sugiere que la adicción al internet puede estar relacionada con problemas de salud mental, como la ansiedad y la depresión. Es fundamental que los jóvenes y sus familias sean conscientes de estos riesgos y busquen ayuda si es necesario",La adicción al internet puede estar asociada con problemas de salud mental como la ansiedad y la depresión.
¿Qué puedo hacer si creo que tengo un problema con el uso de internet?,Reconocer que hay un problema es un primer paso valioso. Considera hablar con un profesional de la salud que pueda ofrecerte apoyo y estrategias para manejar tu uso de internet. También puedes establecer límites en tu tiempo en línea y buscar actividades alternativas que te interesen,Reconoce el problema y habla con un profesional.
¿Cómo puedo hablar con un amigo que parece estar adicto al internet?,"Abordar el tema con empatía es clave. Puedes expresar tus preocupaciones de manera abierta y sin juzgar, preguntándole cómo se siente respecto a su uso de internet. Ofrecer tu apoyo y estar dispuesto a escuchar puede hacer una gran diferencia",Tal vez podrías hablar con él sobre tus preocupaciones específicas relacionadas con su uso de internet.
¿Qué estrategias puedo usar para reducir mi tiempo en línea?,"Algunas estrategias efectivas incluyen establecer horarios específicos para el uso de internet, desactivar notificaciones innecesarias y buscar actividades fuera de línea que disfrutes. También es útil reflexionar sobre cómo te sientes después de pasar tiempo en línea y ajustar tus hábitos en consecuencia","Establecer horarios específicos, desactivar notificaciones innecesarias."
¿La adicción al internet es un problema común?,"Sí, la adicción al internet es un problema creciente, especialmente entre los jóvenes. Estudios han mostrado que muchos adolescentes experimentan dificultades relacionadas con el uso excesivo de internet, lo que resalta la importancia de abordar este tema en el ámbito educativo y familiar",La adicción al internet es un problema común. Estudios han mostrado que muchos adolescentes experimentan dificultades relacionadas con el uso excesivo de internet.
¿Qué recursos hay disponibles para aprender más sobre la adicción al internet?,"Hay muchos recursos disponibles, como sitios web de salud mental, libros sobre el tema y grupos de apoyo. También puedes hablar con un profesional de la salud que pueda proporcionarte información y orientación sobre cómo manejar la adicción al internet","Puedes buscar en línea, leer libros sobre adicciones, hablar con un profesional de la salud."
Estoy preocupado porque creo que me estoy volviendo adicto al uso del internet ¿Es posible recuperarse de la adicción al internet?,"Absolutamente, muchas personas han logrado recuperarse de la adicción al internet. Con el apoyo adecuado y un enfoque proactivo, es posible restablecer un equilibrio saludable en el uso de la tecnología. Recuerda que cada paso hacia la recuperación es importante y vale la pena",Es posible recuperarse del uso excesivo de internet. Algunas personas lo han logrado con ayuda profesional.
¿Cómo se relaciona la adicción al internet con las habilidades sociales?,"Estudios han encontrado que la adicción al internet está asociada con habilidades sociales deficientes, especialmente en adolescentes. Esto puede llevar a dificultades en las interacciones cara a cara y afectar su desarrollo emocional y social a largo plazo","La adicción al internet se asocia con habilidades sociales deficients, especialmente entre adolescentes."
¿Qué medidas se pueden tomar en las instituciones educativas para abordar la adicción al internet?,Es fundamental que las instituciones educativas implementen programas de concientización y herramientas de gestión del tiempo para ayudar a los estudiantes a manejar su uso de internet. Fomentar un uso responsable de la tecnología puede mejorar la calidad de vida de los estudiantes y prevenir problemas de salud mental a largo plazo,Las instituciones educativas pueden implementar programas de concientización y herramientas de gestión del tiempo para ayudar a los estudiantes.
¿Cómo afectan las emociones a las decisiones de apuestas?,"Las emociones pueden influir significativamente en las decisiones de apuestas. La euforia de una victoria o la frustración de una pérdida pueden llevar a decisiones impulsivas, lo que puede aumentar el riesgo de desarrollar problemas de juego.",Las emociones pueden influir en las decisiones de apuestas.
¿Es posible apostar de manera responsable?,"Sí, es posible apostar de manera responsable estableciendo límites claros en cuanto a tiempo y dinero, y siendo consciente de los riesgos involucrados. La educación sobre el juego responsable es clave para disfrutar de las apuestas sin caer en la adicción.","Sí, se pueden establecer límites y ser consciente de los riesgos."
¿Cómo puedo saber si estoy apostando demasiado?,"Si sientes que tus apuestas están afectando tus finanzas, tus relaciones o tu bienestar emocional, es posible que estés apostando demasiado. Reflexionar sobre tu comportamiento y buscar ayuda si es necesario puede ser muy beneficioso.","Si tus apuestas están afectando tus finanzas o tus relaciones, es un problema."
¿Cuáles son los principales factores de riesgo asociados con las apuestas deportivas?,"Los principales factores de riesgo incluyen la impulsividad, la exposición a la publicidad de apuestas, la presión de grupo, y la edad y género, siendo los hombres jóvenes más propensos a desarrollar problemas de juego. Estos factores pueden aumentar la probabilidad de que una persona se convierta en un apostador problemático.","Los principales factores de riesgo incluyen impulsividad, publicidad de apuestas, presión de grupo y edad."
¿Qué estrategias puedo utilizar para minimizar el riesgo de problemas de juego?,"Algunas estrategias incluyen establecer un presupuesto para las apuestas, limitar el tiempo dedicado a apostar, evitar el uso de apuestas como una forma de escapar de problemas emocionales, y educarse sobre los riesgos y las probabilidades involucradas en las apuestas. También es útil hablar con amigos o familiares sobre tus hábitos de apuestas.",Establecer un presupuesto y limitar el tiempo dedicado a apostar son estrategias comunes para minimizar el riesgo de problemas de juego. La educación y la comunicación con amigos y familiares también pueden ser útiles.
¿Qué es la adicción a las apuestas deportivas?,"La adicción a las apuestas deportivas es un comportamiento compulsivo donde una persona siente la necesidad de apostar en eventos deportivos, a menudo a expensas de su bienestar personal y financiero. Es importante reconocer que no todos los apostadores son adictos, pero aquellos que lo son pueden experimentar graves consecuencias en sus vidas.","La adicción a las apuestas deportivas se refiere a un patrón de comportamiento donde la persona siente una intensa necesidad de apostar en eventos deportivos, lo que puede llevar a problemas financieros y personales."
¿Cuáles son los signos de que alguien podría tener un problema con las apuestas deportivas?,"Algunos signos incluyen apostar más de lo que se puede permitir perder, mentir sobre las apuestas, y sentir ansiedad o depresión cuando no se puede apostar. Si notas estos comportamientos en ti o en alguien cercano, es fundamental buscar ayuda.",Puede ser peligroso excederse en las apuestas deportivas y puede estar asociado a problemas de salud mental como ansiedad o depresión.
¿Es posible que las apuestas deportivas sean una forma de escape?,"Sí, muchas personas utilizan las apuestas como una forma de escapar de problemas emocionales o financieros. Sin embargo, esto puede crear un ciclo destructivo que empeora la situación en lugar de ayudar.",Las apuestas deportivas pueden ser una forma de distracción temporal y no tienen relación directa con problemas emocionales o financieros.
¿Qué impacto tiene la adicción a las apuestas en la vida personal?,"La adicción a las apuestas puede afectar negativamente las relaciones, la salud mental y la situación financiera de una persona. Es un problema serio que puede llevar a la ruina personal y emocional.","La adicción a las apuestas puede afectar negativamente las relaciones, la salud mental y la situación financiera de una persona."
¿Cómo puedo ayudar a alguien que tiene un problema con las apuestas?,"Escuchar sin juzgar y ofrecer apoyo emocional es crucial. También puedes sugerir que busquen ayuda profesional, como terapia o grupos de apoyo, donde puedan compartir sus experiencias y aprender a manejar su adicción.",Puedes proporcionarles información sobre servicios de tratamiento disponibles.
¿Existen tratamientos efectivos para la adicción a las apuestas?,"Sí, hay tratamientos disponibles que incluyen terapia cognitivo-conductual, grupos de apoyo y programas de rehabilitación. La clave es encontrar el enfoque adecuado para cada individuo.","Sí, existen tratamientos para la adicción a las apuestas."
¿Cómo puedo prevenir que yo o alguien cercano desarrolle un problema con las apuestas?,La educación sobre los riesgos de las apuestas y establecer límites claros son pasos importantes. Fomentar actividades alternativas y mantener una comunicación abierta sobre el tema también puede ayudar.,No hay un método garantizado para evitar problemas con las apuestas.
¿Qué puedo hacer si siento que estoy perdiendo el control sobre mis apuestas?,Reconocer que tienes un problema es el primer paso. Busca ayuda profesional y habla con alguien de confianza sobre tus sentimientos. Hay recursos y personas que pueden apoyarte en este camino.,Puedes buscar ayuda profesional.
